{
    "split_id": "_2_1_",
    "test": {
        "Overall Performance": {
            "tp": 361,
            "fp": 107,
            "fn": 248,
            "predictions": 468,
            "ground truth": 609,
            "precision": 0.7713675213675214,
            "recall": 0.5927750410509032
        }
    }
}