{
    "split_id": "_1_0_",
    "test": {
        "Overall Performance": {
            "tp": 358,
            "fp": 93,
            "fn": 251,
            "predictions": 451,
            "ground truth": 609,
            "precision": 0.7937915742793792,
            "recall": 0.5878489326765188
        }
    }
}