{
    "split_id": "_x_",
    "test": {
        "Overall Performance": {
            "tp": 328,
            "fp": 186,
            "fn": 281,
            "predictions": 514,
            "ground truth": 609,
            "precision": 0.6381322957198443,
            "recall": 0.5385878489326765
        }
    }
}