{
    "split_id": "_4_0_",
    "test": {
        "Overall Performance": {
            "tp": 399,
            "fp": 156,
            "fn": 210,
            "predictions": 555,
            "ground truth": 609,
            "precision": 0.7189189189189189,
            "recall": 0.6551724137931034
        }
    }
}