{
    "split_id": "_0_1_",
    "test": {
        "Overall Performance": {
            "tp": 75,
            "fp": 21,
            "fn": 52,
            "predictions": 96,
            "ground truth": 127,
            "precision": 0.78125,
            "recall": 0.5905511811023622
        },
        "Per Sample Performance": {
            "103_104001004890F500_tile_164": {
                "P": 0.2222222222222222,
                "R": 0.4
            },
            "98_104001000B9F7B00_tile_264": {
                "P": 1.0,
                "R": 1.0
            },
            "103_104001004890F500_tile_139": {
                "P": 1.0,
                "R": 0.6
            },
            "98_104001000B9F7B00_tile_169": {
                "P": 1.0,
                "R": 1.0
            },
            "127_104001002B3BB400_tile_473": {
                "P": 0,
                "R": 0.0
            },
            "27_1040010038955600_tile_151": {
                "P": 0.8,
                "R": 0.5
            },
            "85_104001003A13C600_tile_28": {
                "P": 1.0,
                "R": 0.8
            },
            "127_104001002B3BB400_tile_716": {
                "P": 0.75,
                "R": 0.75
            },
            "111_1040010028163500_tile_454": {
                "P": 1.0,
                "R": 0.5333333333333333
            },
            "98_104001000B9F7B00_tile_108": {
                "P": 1.0,
                "R": 0.6
            },
            "103_104001004890F500_tile_161": {
                "P": 0.0,
                "R": 0.0
            },
            "127_104001002B3BB400_tile_471": {
                "P": 1.0,
                "R": 0.5
            },
            "85_104001003A13C600_tile_29": {
                "P": 1.0,
                "R": 1.0
            },
            "127_104001002B3BB400_tile_711": {
                "P": 0,
                "R": 0.0
            },
            "98_104001000B9F7B00_tile_130": {
                "P": 0,
                "R": 0.0
            },
            "127_104001002B3BB400_tile_801": {
                "P": 1.0,
                "R": 0.5
            },
            "127_104001002B3BB400_tile_309": {
                "P": 1.0,
                "R": 1.0
            },
            "127_104001002B3BB400_tile_443": {
                "P": 1.0,
                "R": 0.6666666666666666
            },
            "98_104001000B9F7B00_tile_166": {
                "P": 1.0,
                "R": 1.0
            },
            "103_104001004890F500_tile_163": {
                "P": 1.0,
                "R": 1.0
            },
            "127_104001002B3BB400_tile_603": {
                "P": 0.6666666666666666,
                "R": 0.4444444444444444
            },
            "27_1040010038955600_tile_118": {
                "P": 0.0,
                "R": 0.0
            },
            "98_104001000B9F7B00_tile_301": {
                "P": 1.0,
                "R": 1.0
            },
            "103_104001004890F500_tile_140": {
                "P": 1.0,
                "R": 0.125
            },
            "103_104001004890F500_tile_162": {
                "P": 0,
                "R": 0.0
            },
            "103_104001004890F500_tile_138": {
                "P": 0,
                "R": 0.0
            },
            "3_104001000953A900_tile_116": {
                "P": 1.0,
                "R": 1.0
            },
            "3_104001000953A900_tile_49": {
                "P": 0.8888888888888888,
                "R": 0.8
            },
            "3_104001000953A900_tile_44": {
                "P": 1.0,
                "R": 0.3333333333333333
            },
            "3_104001000953A900_tile_73": {
                "P": 0.6666666666666666,
                "R": 0.6666666666666666
            },
            "27_1040010038955600_tile_132": {
                "P": 0.0,
                "R": 0.0
            },
            "103_104001004890F500_tile_249": {
                "P": 1.0,
                "R": 1.0
            },
            "3_104001000953A900_tile_74": {
                "P": 0.5,
                "R": 1.0
            }
        }
    }
}