{
    "split_id": "_0_0_",
    "test": {
        "Overall Performance": {
            "tp": 370,
            "fp": 118,
            "fn": 239,
            "predictions": 488,
            "ground truth": 609,
            "precision": 0.7581967213114754,
            "recall": 0.6075533661740559
        }
    }
}