{
    "split_id": "_1_1_",
    "test": {
        "Overall Performance": {
            "tp": 145,
            "fp": 61,
            "fn": 98,
            "predictions": 206,
            "ground truth": 243,
            "precision": 0.7038834951456311,
            "recall": 0.5967078189300411
        },
        "Per Sample Performance": {
            "87_10400100480E4300_tile_37": {
                "P": 1.0,
                "R": 0.25
            },
            "88_10400100480E4300_tile_227": {
                "P": 0.0,
                "R": 0.0
            },
            "113_10400100413CDF00_tile_66": {
                "P": 0.0,
                "R": 0.0
            },
            "88_10400100480E4300_tile_318": {
                "P": 0.875,
                "R": 0.5833333333333334
            },
            "113_10400100413CDF00_tile_94": {
                "P": 1.0,
                "R": 0.3333333333333333
            },
            "106_10400100413CDF00_tile_60": {
                "P": 1.0,
                "R": 0.75
            },
            "88_1040010043467100_tile_411": {
                "P": 0.0,
                "R": 0.0
            },
            "88_104001002B095600_tile_208": {
                "P": 0.0,
                "R": 0.0
            },
            "46_10400100198A4C00_tile_125": {
                "P": 1.0,
                "R": 1.0
            },
            "88_10400100480E4300_tile_295": {
                "P": 1.0,
                "R": 1.0
            },
            "88_10400100480E4300_tile_306": {
                "P": 1.0,
                "R": 1.0
            },
            "46_10400100198A4C00_tile_106": {
                "P": 1.0,
                "R": 1.0
            },
            "87_104001003E94D300_tile_22": {
                "P": 1.0,
                "R": 0.875
            },
            "113_10400100413CDF00_tile_167": {
                "P": 1.0,
                "R": 1.0
            },
            "46_10400100198A4C00_tile_96": {
                "P": 0.6666666666666666,
                "R": 0.6666666666666666
            },
            "88_104001002B095600_tile_270": {
                "P": 0.5,
                "R": 0.4
            },
            "87_1040010043467100_tile_23": {
                "P": 1.0,
                "R": 0.5
            },
            "88_10400100480E4300_tile_238": {
                "P": 0.0,
                "R": 0.0
            },
            "88_104001002B095600_tile_271": {
                "P": 0.3333333333333333,
                "R": 1.0
            },
            "88_104001002B095600_tile_197": {
                "P": 0.0,
                "R": 0.0
            },
            "88_104001002B095600_tile_207": {
                "P": 0.07692307692307693,
                "R": 1.0
            },
            "87_104001002B095600_tile_37": {
                "P": 0.6666666666666666,
                "R": 0.4
            },
            "87_10400100480E4300_tile_30": {
                "P": 1.0,
                "R": 0.375
            },
            "88_10400100480E4300_tile_331": {
                "P": 1.0,
                "R": 1.0
            },
            "87_104001003E94D300_tile_30": {
                "P": 0.25,
                "R": 0.3333333333333333
            },
            "113_10400100413CDF00_tile_53": {
                "P": 1.0,
                "R": 1.0
            },
            "87_10400100480E4300_tile_23": {
                "P": 1.0,
                "R": 0.25
            },
            "113_10400100413CDF00_tile_54": {
                "P": 0.8888888888888888,
                "R": 0.7272727272727273
            },
            "87_10400100480E4300_tile_15": {
                "P": 0.0,
                "R": 0.0
            },
            "87_104001002B095600_tile_14": {
                "P": 1.0,
                "R": 0.6666666666666666
            },
            "87_104001002B095600_tile_36": {
                "P": 1.0,
                "R": 0.3333333333333333
            },
            "88_104001002B095600_tile_186": {
                "P": 0.0,
                "R": 0.0
            },
            "87_104001002B095600_tile_21": {
                "P": 1.0,
                "R": 0.5
            },
            "87_104001003E94D300_tile_37": {
                "P": 1.0,
                "R": 1.0
            },
            "46_10400100198A4C00_tile_124": {
                "P": 1.0,
                "R": 1.0
            },
            "88_1040010043467100_tile_239": {
                "P": 1.0,
                "R": 0.5
            },
            "87_104001003E94D300_tile_29": {
                "P": 1.0,
                "R": 0.6666666666666666
            },
            "87_104001003E94D300_tile_14": {
                "P": 1.0,
                "R": 0.75
            },
            "87_10400100480E4300_tile_29": {
                "P": 0.2,
                "R": 0.3333333333333333
            },
            "87_104001002B095600_tile_29": {
                "P": 1.0,
                "R": 0.75
            },
            "88_1040010043467100_tile_330": {
                "P": 1.0,
                "R": 0.75
            },
            "87_1040010043467100_tile_29": {
                "P": 1.0,
                "R": 0.5
            },
            "88_104001002B095600_tile_260": {
                "P": 0.5,
                "R": 1.0
            },
            "87_104001002B095600_tile_30": {
                "P": 0.0,
                "R": 0.0
            },
            "88_104001002B095600_tile_259": {
                "P": 0.6666666666666666,
                "R": 0.4
            },
            "88_10400100480E4300_tile_307": {
                "P": 1.0,
                "R": 1.0
            },
            "87_104001003E94D300_tile_21": {
                "P": 1.0,
                "R": 1.0
            },
            "46_10400100198A4C00_tile_115": {
                "P": 1.0,
                "R": 0.8235294117647058
            },
            "87_10400100480E4300_tile_38": {
                "P": 0.25,
                "R": 1.0
            },
            "87_104001003E94D300_tile_36": {
                "P": 1.0,
                "R": 0.5
            },
            "46_10400100198A4C00_tile_116": {
                "P": 1.0,
                "R": 0.8095238095238095
            },
            "88_10400100480E4300_tile_330": {
                "P": 0.5,
                "R": 0.25
            },
            "46_10400100198A4C00_tile_87": {
                "P": 1.0,
                "R": 1.0
            },
            "88_104001002B095600_tile_281": {
                "P": 0.5,
                "R": 0.5
            },
            "113_10400100413CDF00_tile_55": {
                "P": 1.0,
                "R": 1.0
            },
            "88_104001002B095600_tile_280": {
                "P": 1.0,
                "R": 1.0
            },
            "88_104001002B095600_tile_337": {
                "P": 0.5,
                "R": 1.0
            },
            "87_10400100480E4300_tile_44": {
                "P": 1.0,
                "R": 1.0
            },
            "87_104001002B095600_tile_22": {
                "P": 0.75,
                "R": 0.42857142857142855
            },
            "113_10400100413CDF00_tile_40": {
                "P": 1.0,
                "R": 1.0
            },
            "87_10400100480E4300_tile_31": {
                "P": 0.0,
                "R": 0.0
            }
        }
    }
}