{
    "split_id": "_3_0_",
    "test": {
        "Overall Performance": {
            "tp": 294,
            "fp": 187,
            "fn": 315,
            "predictions": 481,
            "ground truth": 609,
            "precision": 0.6112266112266113,
            "recall": 0.4827586206896552
        }
    }
}