{
    "split_id": "_0_3_",
    "test": {
        "Overall Performance": {
            "tp": 296,
            "fp": 67,
            "fn": 129,
            "predictions": 363,
            "ground truth": 425,
            "precision": 0.8154269972451791,
            "recall": 0.6964705882352941
        },
        "Per Sample Performance": {
            "103_104001004890F500_tile_164": {
                "P": 0.0,
                "R": 0.0
            },
            "59_104001002E3F7500_tile_494": {
                "P": 1.0,
                "R": 1.0
            },
            "113_10400100413CDF00_tile_66": {
                "P": 1.0,
                "R": 1.0
            },
            "55_1040010049CD5600_tile_577": {
                "P": 1.0,
                "R": 1.0
            },
            "88_1040010044AC1100_tile_342": {
                "P": 1.0,
                "R": 1.0
            },
            "23_104001001E51BE00_tile_1582": {
                "P": 1.0,
                "R": 1.0
            },
            "88_1040010044AC1100_tile_435": {
                "P": 1.0,
                "R": 1.0
            },
            "113_10400100413CDF00_tile_94": {
                "P": 1.0,
                "R": 0.3333333333333333
            },
            "23_104001001E51BE00_tile_2283": {
                "P": 0.5,
                "R": 1.0
            },
            "106_10400100413CDF00_tile_60": {
                "P": 1.0,
                "R": 1.0
            },
            "55_1040010049CD5600_tile_616": {
                "P": 1.0,
                "R": 1.0
            },
            "88_1040010043467100_tile_411": {
                "P": 0.0,
                "R": 0.0
            },
            "55_1040010049CD5600_tile_309": {
                "P": 1.0,
                "R": 1.0
            },
            "23_104001001E51BE00_tile_2481": {
                "P": 1.0,
                "R": 1.0
            },
            "23_104001001E51BE00_tile_1966": {
                "P": 1.0,
                "R": 1.0
            },
            "88_1040010044AC1100_tile_262": {
                "P": 0.3333333333333333,
                "R": 1.0
            },
            "55_1040010049CD5600_tile_539": {
                "P": 1.0,
                "R": 1.0
            },
            "98_104001000B9F7B00_tile_264": {
                "P": 1.0,
                "R": 1.0
            },
            "103_104001004890F500_tile_139": {
                "P": 0.75,
                "R": 0.6
            },
            "46_10400100198A4C00_tile_125": {
                "P": 1.0,
                "R": 1.0
            },
            "98_104001000B9F7B00_tile_169": {
                "P": 1.0,
                "R": 1.0
            },
            "59_104001002E3F7500_tile_732": {
                "P": 1.0,
                "R": 1.0
            },
            "23_104001001E51BE00_tile_1960": {
                "P": 1.0,
                "R": 1.0
            },
            "23_104001001E51BE00_tile_2160": {
                "P": 1.0,
                "R": 1.0
            },
            "88_1040010044AC1100_tile_380": {
                "P": 1.0,
                "R": 1.0
            },
            "26_104001002E574100_tile_1731": {
                "P": 0.0,
                "R": 0.0
            },
            "127_104001002B3BB400_tile_473": {
                "P": 0.0,
                "R": 0.0
            },
            "27_1040010038955600_tile_151": {
                "P": 1.0,
                "R": 0.625
            },
            "26_104001002E574100_tile_2042": {
                "P": 1.0,
                "R": 1.0
            },
            "85_104001003A13C600_tile_28": {
                "P": 1.0,
                "R": 0.6
            },
            "127_104001002B3BB400_tile_716": {
                "P": 0.75,
                "R": 0.75
            },
            "88_104001004B1A3D00_tile_235": {
                "P": 0.0,
                "R": 0.0
            },
            "23_104001001E51BE00_tile_1134": {
                "P": 0.0,
                "R": 0.0
            },
            "46_10400100198A4C00_tile_106": {
                "P": 1.0,
                "R": 1.0
            },
            "26_104001002E574100_tile_1698": {
                "P": 0.0,
                "R": 0.0
            },
            "87_104001003E94D300_tile_22": {
                "P": 1.0,
                "R": 0.875
            },
            "26_104001002E574100_tile_1819": {
                "P": 0.0,
                "R": 0.0
            },
            "26_104001002E574100_tile_2000": {
                "P": 0.0,
                "R": 0.0
            },
            "111_1040010028163500_tile_454": {
                "P": 0.8333333333333334,
                "R": 0.6666666666666666
            },
            "113_10400100413CDF00_tile_167": {
                "P": 1.0,
                "R": 1.0
            },
            "88_104001004B1A3D00_tile_246": {
                "P": 1.0,
                "R": 0.16666666666666666
            },
            "23_104001001E51BE00_tile_1198": {
                "P": 1.0,
                "R": 1.0
            },
            "55_1040010049CD5600_tile_437": {
                "P": 1.0,
                "R": 1.0
            },
            "26_104001002E574100_tile_2066": {
                "P": 1.0,
                "R": 1.0
            },
            "46_10400100198A4C00_tile_96": {
                "P": 1.0,
                "R": 0.6666666666666666
            },
            "98_104001000B9F7B00_tile_108": {
                "P": 0.75,
                "R": 0.6
            },
            "26_104001002E574100_tile_2083": {
                "P": 0.0,
                "R": 0.0
            },
            "26_104001002E574100_tile_1898": {
                "P": 1.0,
                "R": 0.5
            },
            "87_1040010043467100_tile_23": {
                "P": 1.0,
                "R": 0.75
            },
            "88_1040010044AC1100_tile_319": {
                "P": 1.0,
                "R": 0.8333333333333334
            },
            "55_1040010049CD5600_tile_272": {
                "P": 0.6666666666666666,
                "R": 0.3333333333333333
            },
            "103_104001004890F500_tile_161": {
                "P": 0.5,
                "R": 1.0
            },
            "55_1040010049CD5600_tile_310": {
                "P": 1.0,
                "R": 1.0
            },
            "127_104001002B3BB400_tile_471": {
                "P": 0.0,
                "R": 0.0
            },
            "85_104001003A13C600_tile_29": {
                "P": 1.0,
                "R": 1.0
            },
            "88_104001004B1A3D00_tile_236": {
                "P": 1.0,
                "R": 0.2
            },
            "127_104001002B3BB400_tile_711": {
                "P": 0.0,
                "R": 0.0
            },
            "88_104001004B1A3D00_tile_208": {
                "P": 1.0,
                "R": 1.0
            },
            "55_1040010049CD5600_tile_661": {
                "P": 1.0,
                "R": 0.6666666666666666
            },
            "55_1040010049CD5600_tile_663": {
                "P": 0.3333333333333333,
                "R": 0.25
            },
            "59_104001002E3F7500_tile_926": {
                "P": 1.0,
                "R": 0.6666666666666666
            },
            "88_1040010044AC1100_tile_227": {
                "P": 0.8,
                "R": 0.8
            },
            "98_104001000B9F7B00_tile_130": {
                "P": 0,
                "R": 0.0
            },
            "127_104001002B3BB400_tile_801": {
                "P": 0.5,
                "R": 0.5
            },
            "127_104001002B3BB400_tile_309": {
                "P": 1.0,
                "R": 1.0
            },
            "88_1040010044AC1100_tile_250": {
                "P": 1.0,
                "R": 1.0
            },