{
    "split_id": "_5_1_",
    "test": {
        "Overall Performance": {
            "tp": 382,
            "fp": 147,
            "fn": 227,
            "predictions": 529,
            "ground truth": 609,
            "precision": 0.722117202268431,
            "recall": 0.6272577996715928
        }
    }
}