{
    "split_id": "_0_0_",
    "test": {
        "Overall Performance": {
            "tp": 60,
            "fp": 27,
            "fn": 45,
            "predictions": 87,
            "ground truth": 105,
            "precision": 0.6896551724137931,
            "recall": 0.5714285714285714
        },
        "Per Sample Performance": {
            "59_104001002E3F7500_tile_494": {
                "P": 1.0,
                "R": 1.0
            },
            "55_1040010049CD5600_tile_577": {
                "P": 0.3333333333333333,
                "R": 0.5
            },
            "55_1040010049CD5600_tile_616": {
                "P": 1.0,
                "R": 1.0
            },
            "55_1040010049CD5600_tile_309": {
                "P": 0.0,
                "R": 0.0
            },
            "55_1040010049CD5600_tile_539": {
                "P": 0.0,
                "R": 0.0
            },
            "46_10400100198A4C00_tile_125": {
                "P": 0.0,
                "R": 0.0
            },
            "59_104001002E3F7500_tile_732": {
                "P": 1.0,
                "R": 1.0
            },
            "46_10400100198A4C00_tile_106": {
                "P": 1.0,
                "R": 1.0
            },
            "55_1040010049CD5600_tile_437": {
                "P": 1.0,
                "R": 1.0
            },
            "46_10400100198A4C00_tile_96": {
                "P": 0.5,
                "R": 0.3333333333333333
            },
            "55_1040010049CD5600_tile_272": {
                "P": 0.1111111111111111,
                "R": 0.08333333333333333
            },
            "55_1040010049CD5600_tile_310": {
                "P": 0.0,
                "R": 0.0
            },
            "55_1040010049CD5600_tile_661": {
                "P": 0.0,
                "R": 0.0
            },
            "55_1040010049CD5600_tile_663": {
                "P": 0.6666666666666666,
                "R": 0.25
            },
            "59_104001002E3F7500_tile_926": {
                "P": 1.0,
                "R": 0.6666666666666666
            },
            "59_104001002E3F7500_tile_1563": {
                "P": 0.6,
                "R": 0.6
            },
            "46_10400100198A4C00_tile_124": {
                "P": 1.0,
                "R": 1.0
            },
            "59_104001002E3F7500_tile_1239": {
                "P": 0.0,
                "R": 0.0
            },
            "59_104001002E3F7500_tile_783": {
                "P": 0,
                "R": 0.0
            },
            "59_104001002E3F7500_tile_1610": {
                "P": 1.0,
                "R": 1.0
            },
            "46_10400100198A4C00_tile_115": {
                "P": 1.0,
                "R": 0.8823529411764706
            },
            "59_104001002E3F7500_tile_930": {
                "P": 1.0,
                "R": 1.0
            },
            "59_104001002E3F7500_tile_977": {
                "P": 1.0,
                "R": 1.0
            },
            "46_10400100198A4C00_tile_116": {
                "P": 1.0,
                "R": 0.8571428571428571
            },
            "46_10400100198A4C00_tile_87": {
                "P": 1.0,
                "R": 1.0
            }
        }
    }
}