{
    "split_id": "_1_0_",
    "test": {
        "Overall Performance": {
            "tp": 217,
            "fp": 69,
            "fn": 179,
            "predictions": 286,
            "ground truth": 396,
            "precision": 0.7587412587412588,
            "recall": 0.547979797979798
        },
        "Per Sample Performance": {
            "87_10400100480E4300_tile_37": {
                "P": 0.0,
                "R": 0.0
            },
            "88_10400100480E4300_tile_227": {
                "P": 0.0,
                "R": 0.0
            },
            "59_104001002E3F7500_tile_494": {
                "P": 1.0,
                "R": 1.0
            },
            "113_10400100413CDF00_tile_66": {
                "P": 1.0,
                "R": 1.0
            },
            "88_10400100480E4300_tile_318": {
                "P": 0.5714285714285714,
                "R": 0.3333333333333333
            },
            "55_1040010049CD5600_tile_577": {
                "P": 1.0,
                "R": 0.5
            },
            "113_10400100413CDF00_tile_94": {
                "P": 1.0,
                "R": 0.3333333333333333
            },
            "96_10400100096C2500_tile_1161": {
                "P": 0.0,
                "R": 0.0
            },
            "106_10400100413CDF00_tile_60": {
                "P": 1.0,
                "R": 0.75
            },
            "55_1040010049CD5600_tile_616": {
                "P": 1.0,
                "R": 1.0
            },
            "88_1040010043467100_tile_411": {
                "P": 0.3333333333333333,
                "R": 1.0
            },
            "55_1040010049CD5600_tile_309": {
                "P": 1.0,
                "R": 0.75
            },
            "88_104001002B095600_tile_208": {
                "P": 0.0,
                "R": 0.0
            },
            "55_1040010049CD5600_tile_539": {
                "P": 0.3333333333333333,
                "R": 1.0
            },
            "96_104001003C8C7800_tile_1189": {
                "P": 1.0,
                "R": 1.0
            },
            "46_10400100198A4C00_tile_125": {
                "P": 1.0,
                "R": 1.0
            },
            "59_104001002E3F7500_tile_732": {
                "P": 1.0,
                "R": 1.0
            },
            "96_10400100096C2500_tile_1404": {
                "P": 1.0,
                "R": 1.0
            },
            "96_104001003C8C7800_tile_993": {
                "P": 0,
                "R": 0.0
            },
            "88_10400100480E4300_tile_295": {
                "P": 1.0,
                "R": 1.0
            },
            "88_10400100480E4300_tile_306": {
                "P": 0.6666666666666666,
                "R": 0.6666666666666666
            },
            "88_104001004B1A3D00_tile_235": {
                "P": 0.5,
                "R": 1.0
            },
            "46_10400100198A4C00_tile_106": {
                "P": 1.0,
                "R": 1.0
            },
            "96_104001003C8C7800_tile_882": {
                "P": 0.75,
                "R": 0.3
            },
            "87_104001003E94D300_tile_22": {
                "P": 1.0,
                "R": 0.875
            },
            "96_104001003C8C7800_tile_1349": {
                "P": 1.0,
                "R": 0.5
            },
            "96_10400100096C2500_tile_1379": {
                "P": 0,
                "R": 0.0
            },
            "113_10400100413CDF00_tile_167": {
                "P": 1.0,
                "R": 1.0
            },
            "88_104001004B1A3D00_tile_246": {
                "P": 1.0,
                "R": 0.16666666666666666
            },
            "96_10400100096C2500_tile_914": {
                "P": 0.3333333333333333,
                "R": 0.5
            },
            "55_1040010049CD5600_tile_437": {
                "P": 1.0,
                "R": 1.0
            },
            "96_10400100096C2500_tile_1075": {
                "P": 1.0,
                "R": 0.5
            },
            "96_104001003C8C7800_tile_1104": {
                "P": 1.0,
                "R": 0.5
            },
            "46_10400100198A4C00_tile_96": {
                "P": 0.5,
                "R": 0.3333333333333333
            },
            "96_10400100096C2500_tile_992": {
                "P": 0.5,
                "R": 0.6666666666666666
            },
            "96_10400100096C2500_tile_967": {
                "P": 0.8,
                "R": 0.5333333333333333
            },
            "88_104001002B095600_tile_270": {
                "P": 0.7142857142857143,
                "R": 0.5
            },
            "96_10400100096C2500_tile_996": {
                "P": 1.0,
                "R": 0.4375
            },
            "96_10400100096C2500_tile_1107": {
                "P": 0.0,
                "R": 0.0
            },
            "87_1040010043467100_tile_23": {
                "P": 1.0,
                "R": 0.75
            },
            "55_1040010049CD5600_tile_272": {
                "P": 1.0,
                "R": 0.5833333333333334
            },
            "96_10400100096C2500_tile_1157": {
                "P": 1.0,
                "R": 0.5
            },
            "55_1040010049CD5600_tile_310": {
                "P": 1.0,
                "R": 1.0
            },
            "88_104001004B1A3D00_tile_236": {
                "P": 1.0,
                "R": 0.1
            },
            "88_104001004B1A3D00_tile_208": {
                "P": 1.0,
                "R": 1.0
            },
            "55_1040010049CD5600_tile_661": {
                "P": 1.0,
                "R": 0.3333333333333333
            },
            "88_10400100480E4300_tile_238": {
                "P": 0,
                "R": 0.0
            },
            "55_1040010049CD5600_tile_663": {
                "P": 1.0,
                "R": 0.75
            },
            "88_104001002B095600_tile_271": {
                "P": 0.0,
                "R": 0.0
            },
            "88_104001002B095600_tile_197": {
                "P": 0.0,
                "R": 0.0
            },
            "59_104001002E3F7500_tile_926": {
                "P": 1.0,
                "R": 0.6666666666666666
            },
            "88_104001002B095600_tile_207": {
                "P": 0.0,
                "R": 0.0
            },
            "87_104001002B095600_tile_37": {
                "P": 0.6666666666666666,
                "R": 0.4
            },
            "87_10400100480E4300_tile_30": {
                "P": 1.0,
                "R": 0.125
            },
            "88_10400100480E4300_tile_331": {
                "P": 0.0,
                "R": 0.0
            },
            "87_104001003E94D300_tile_30": {
                "P": 1.0,
                "R": 0.3333333333333333
            },
            "113_10400100413CDF00_tile_53": {
                "P": 1.0,
                "R": 1.0
            },
            "87_10400100480E4300_tile_23": {
                "P": 0.0,
                "R": 0.0
            },
            "113_10400100413CDF00_tile_54": {
                "P": 0.8888888888888888,
                "R": 0.7272727272727273
            },
            "87_10400100480E4300_tile_15": {
                "P": 0,
                "R": 0.0
            },
            "87_104001002B095600_tile_14": {
                "P": 0.6666666666666666,
                "R": 0.6666666666666666
            },
            "87_104001002B095600_tile_36": {
                "P": 1.0,
                "R": 1.0
            },
            "88_104001002B095600_tile_186": {
                "P": 0.0,
                "R": 0.0
            },
            "87_104001002B095600_tile_21": {
                "P": 0.0,
                "R": 0.0
            },
            "87_104001003E94D300_tile_37": {
                "P": 1.0,
                "R": 0.5
            },