{
    "split_id": "_4_5_",
    "test": {
        "Overall Performance": {
            "tp": 48,
            "fp": 6,
            "fn": 15,
            "predictions": 54,
            "ground truth": 63,
            "precision": 0.8888888888888888,
            "recall": 0.7619047619047619
        },
        "Per Sample Performance": {
            "46_10400100198A4C00_tile_125": {
                "P": 1.0,
                "R": 1.0
            },
            "46_10400100198A4C00_tile_106": {
                "P": 1.0,
                "R": 1.0
            },
            "111_1040010028163500_tile_454": {
                "P": 0.9090909090909091,
                "R": 0.6666666666666666
            },
            "46_10400100198A4C00_tile_96": {
                "P": 0.3333333333333333,
                "R": 0.3333333333333333
            },
            "46_10400100198A4C00_tile_124": {
                "P": 1.0,
                "R": 1.0
            },
            "46_10400100198A4C00_tile_115": {
                "P": 0.8125,
                "R": 0.7647058823529411
            },
            "46_10400100198A4C00_tile_116": {
                "P": 1.0,
                "R": 0.8095238095238095
            },
            "46_10400100198A4C00_tile_87": {
                "P": 1.0,
                "R": 1.0
            }
        }
    }
}