{
    "split_id": "_4_3_",
    "test": {
        "Overall Performance": {
            "tp": 7,
            "fp": 16,
            "fn": 56,
            "predictions": 23,
            "ground truth": 63,
            "precision": 0.30434782608695654,
            "recall": 0.1111111111111111
        },
        "Per Sample Performance": {
            "96_10400100096C2500_tile_1161": {
                "P": 0,
                "R": 0.0
            },
            "96_104001003C8C7800_tile_1189": {
                "P": 0,
                "R": 0.0
            },
            "96_10400100096C2500_tile_1404": {
                "P": 0,
                "R": 0.0
            },
            "96_104001003C8C7800_tile_993": {
                "P": 0,
                "R": 0.0
            },
            "96_104001003C8C7800_tile_882": {
                "P": 0.5,
                "R": 0.1
            },
            "96_104001003C8C7800_tile_1349": {
                "P": 1.0,
                "R": 1.0
            },
            "96_10400100096C2500_tile_1379": {
                "P": 0,
                "R": 0.0
            },
            "96_10400100096C2500_tile_914": {
                "P": 0.0,
                "R": 0.0
            },
            "96_10400100096C2500_tile_1075": {
                "P": 0,
                "R": 0.0
            },
            "96_104001003C8C7800_tile_1104": {
                "P": 1.0,
                "R": 0.5
            },
            "96_10400100096C2500_tile_992": {
                "P": 0.0,
                "R": 0.0
            },
            "96_10400100096C2500_tile_967": {
                "P": 0,
                "R": 0.0
            },
            "96_10400100096C2500_tile_996": {
                "P": 1.0,
                "R": 0.1875
            },
            "96_10400100096C2500_tile_1107": {
                "P": 0.0,
                "R": 0.0
            },
            "96_10400100096C2500_tile_1157": {
                "P": 0.0,
                "R": 0.0
            }
        }
    }
}