{
    "split_id": "_3_0_",
    "test": {
        "Overall Performance": {
            "tp": 132,
            "fp": 81,
            "fn": 100,
            "predictions": 213,
            "ground truth": 232,
            "precision": 0.6197183098591549,
            "recall": 0.5689655172413793
        },
        "Per Sample Performance": {
            "87_10400100480E4300_tile_37": {
                "P": 0.0,
                "R": 0.0
            },
            "88_10400100480E4300_tile_227": {
                "P": 0,
                "R": 0.0
            },
            "59_104001002E3F7500_tile_494": {
                "P": 1.0,
                "R": 1.0
            },
            "113_10400100413CDF00_tile_66": {
                "P": 0.5,
                "R": 1.0
            },
            "88_10400100480E4300_tile_318": {
                "P": 0.125,
                "R": 0.08333333333333333
            },
            "88_1040010044AC1100_tile_342": {
                "P": 1.0,
                "R": 1.0
            },
            "23_104001001E51BE00_tile_1582": {
                "P": 0.0,
                "R": 0.0
            },
            "88_1040010044AC1100_tile_435": {
                "P": 1.0,
                "R": 0.5
            },
            "113_10400100413CDF00_tile_94": {
                "P": 1.0,
                "R": 0.3333333333333333
            },
            "23_104001001E51BE00_tile_2283": {
                "P": 1.0,
                "R": 1.0
            },
            "106_10400100413CDF00_tile_60": {
                "P": 1.0,
                "R": 1.0
            },
            "88_1040010043467100_tile_411": {
                "P": 0.0,
                "R": 0.0
            },
            "23_104001001E51BE00_tile_2481": {
                "P": 1.0,
                "R": 1.0
            },
            "23_104001001E51BE00_tile_1966": {
                "P": 1.0,
                "R": 1.0
            },
            "88_1040010044AC1100_tile_262": {
                "P": 0.0,
                "R": 0.0
            },
            "59_104001002E3F7500_tile_732": {
                "P": 1.0,
                "R": 1.0
            },
            "23_104001001E51BE00_tile_1960": {
                "P": 1.0,
                "R": 1.0
            },
            "23_104001001E51BE00_tile_2160": {
                "P": 1.0,
                "R": 1.0
            },
            "88_10400100480E4300_tile_295": {
                "P": 1.0,
                "R": 0.5
            },
            "88_10400100480E4300_tile_306": {
                "P": 0.0,
                "R": 0.0
            },
            "88_1040010044AC1100_tile_380": {
                "P": 1.0,
                "R": 1.0
            },
            "26_104001002E574100_tile_1731": {
                "P": 0.0,
                "R": 0.0
            },
            "26_104001002E574100_tile_2042": {
                "P": 1.0,
                "R": 1.0
            },
            "23_104001001E51BE00_tile_1134": {
                "P": 0.0,
                "R": 0.0
            },
            "26_104001002E574100_tile_1698": {
                "P": 1.0,
                "R": 1.0
            },
            "87_104001003E94D300_tile_22": {
                "P": 1.0,
                "R": 0.875
            },
            "26_104001002E574100_tile_1819": {
                "P": 0.0,
                "R": 0.0
            },
            "26_104001002E574100_tile_2000": {
                "P": 0.0,
                "R": 0.0
            },
            "113_10400100413CDF00_tile_167": {
                "P": 1.0,
                "R": 1.0
            },
            "23_104001001E51BE00_tile_1198": {
                "P": 1.0,
                "R": 1.0
            },
            "26_104001002E574100_tile_2066": {
                "P": 0.5,
                "R": 0.5
            },
            "26_104001002E574100_tile_2083": {
                "P": 0.0,
                "R": 0.0
            },
            "26_104001002E574100_tile_1898": {
                "P": 0.0,
                "R": 0.0
            },
            "87_1040010043467100_tile_23": {
                "P": 1.0,
                "R": 0.75
            },
            "88_1040010044AC1100_tile_319": {
                "P": 1.0,
                "R": 1.0
            },
            "88_10400100480E4300_tile_238": {
                "P": 0.0,
                "R": 0.0
            },
            "59_104001002E3F7500_tile_926": {
                "P": 1.0,
                "R": 0.6666666666666666
            },
            "88_1040010044AC1100_tile_227": {
                "P": 1.0,
                "R": 0.8
            },
            "87_10400100480E4300_tile_30": {
                "P": 0.0,
                "R": 0.0
            },
            "88_10400100480E4300_tile_331": {
                "P": 0,
                "R": 0.0
            },
            "88_1040010044AC1100_tile_250": {
                "P": 1.0,
                "R": 1.0
            },
            "87_104001003E94D300_tile_30": {
                "P": 1.0,
                "R": 0.6666666666666666
            },
            "113_10400100413CDF00_tile_53": {
                "P": 1.0,
                "R": 1.0
            },
            "87_10400100480E4300_tile_23": {
                "P": 0.0,
                "R": 0.0
            },
            "113_10400100413CDF00_tile_54": {
                "P": 0.875,
                "R": 0.6363636363636364
            },
            "87_10400100480E4300_tile_15": {
                "P": 0.0,
                "R": 0.0
            },
            "88_1040010044AC1100_tile_240": {
                "P": 0.25,
                "R": 0.5
            },
            "88_1040010044AC1100_tile_318": {
                "P": 1.0,
                "R": 0.8
            },
            "88_1040010044AC1100_tile_446": {
                "P": 0.0,
                "R": 0.0
            },
            "87_104001003E94D300_tile_37": {
                "P": 1.0,
                "R": 1.0
            },
            "88_1040010044AC1100_tile_330": {
                "P": 0.8888888888888888,
                "R": 0.8
            },
            "59_104001002E3F7500_tile_1563": {
                "P": 0.6,
                "R": 0.6
            },
            "88_1040010043467100_tile_239": {
                "P": 1.0,
                "R": 0.5
            },
            "59_104001002E3F7500_tile_1239": {
                "P": 0.0,
                "R": 0.0
            },
            "87_104001003E94D300_tile_29": {
                "P": 1.0,
                "R": 0.5
            },
            "87_104001003E94D300_tile_14": {
                "P": 1.0,
                "R": 1.0
            },
            "87_10400100480E4300_tile_29": {
                "P": 0.0,
                "R": 0.0
            },
            "59_104001002E3F7500_tile_783": {
                "P": 1.0,
                "R": 1.0
            },
            "88_1040010043467100_tile_330": {
                "P": 1.0,
                "R": 1.0
            },
            "87_1040010043467100_tile_29": {
                "P": 1.0,
                "R": 0.5
            },
            "59_104001002E3F7500_tile_1610": {
                "P": 0.0,
                "R": 0.0
            },
            "88_10400100480E4300_tile_307": {
                "P": 0.16666666666666666,
                "R": 0.2
            },
            "87_104001003E94D300_tile_21": {
                "P": 1.0,
                "R": 1.0
            },
            "88_1040010044AC1100_tile_239": {
                "P": 1.0,
                "R": 0.625
            },
            "88_1040010044AC1100_tile_307": {
                "P": 1.0,
                "R": 1.0
            },
            "88_1040010040D29200_tile_403": {
                "P": 1.0,
                "R": 1.0
            },
            "88_1040010044AC1100_tile_228": {
                "P": 1.0,
                "R": 1.0
            },