{
    "split_id": "_1_2_",
    "test": {
        "Overall Performance": {
            "tp": 301,
            "fp": 221,
            "fn": 308,
            "predictions": 522,
            "ground truth": 609,
            "precision": 0.5766283524904214,
            "recall": 0.4942528735632184
        }
    }
}