{
    "split_id": "_5_2_",
    "test": {
        "Overall Performance": {
            "tp": 343,
            "fp": 143,
            "fn": 266,
            "predictions": 486,
            "ground truth": 609,
            "precision": 0.7057613168724279,
            "recall": 0.5632183908045977
        }
    }
}