{
    "split_id": "_4_2_",
    "test": {
        "Overall Performance": {
            "tp": 363,
            "fp": 81,
            "fn": 219,
            "predictions": 444,
            "ground truth": 582,
            "precision": 0.8175675675675675,
            "recall": 0.6237113402061856
        },
        "Per Sample Performance": {
            "87_10400100480E4300_tile_37": {
                "P": 1.0,
                "R": 0.25
            },
            "88_10400100480E4300_tile_227": {
                "P": 0.0,
                "R": 0.0
            },
            "59_104001002E3F7500_tile_494": {
                "P": 1.0,
                "R": 1.0
            },
            "113_10400100413CDF00_tile_66": {
                "P": 1.0,
                "R": 1.0
            },
            "88_10400100480E4300_tile_318": {
                "P": 1.0,
                "R": 0.6666666666666666
            },
            "55_1040010049CD5600_tile_577": {
                "P": 1.0,
                "R": 0.5
            },
            "88_1040010044AC1100_tile_342": {
                "P": 1.0,
                "R": 1.0
            },
            "23_104001001E51BE00_tile_1582": {
                "P": 1.0,
                "R": 1.0
            },
            "88_1040010044AC1100_tile_435": {
                "P": 1.0,
                "R": 0.5
            },
            "113_10400100413CDF00_tile_94": {
                "P": 1.0,
                "R": 0.6666666666666666
            },
            "96_10400100096C2500_tile_1161": {
                "P": 0.0,
                "R": 0.0
            },
            "23_104001001E51BE00_tile_2283": {
                "P": 1.0,
                "R": 1.0
            },
            "106_10400100413CDF00_tile_60": {
                "P": 1.0,
                "R": 0.75
            },
            "55_1040010049CD5600_tile_616": {
                "P": 1.0,
                "R": 1.0
            },
            "88_1040010043467100_tile_411": {
                "P": 0.0,
                "R": 0.0
            },
            "55_1040010049CD5600_tile_309": {
                "P": 1.0,
                "R": 0.5
            },
            "23_104001001E51BE00_tile_2481": {
                "P": 1.0,
                "R": 1.0
            },
            "23_104001001E51BE00_tile_1966": {
                "P": 1.0,
                "R": 1.0
            },
            "88_104001002B095600_tile_208": {
                "P": 0.2,
                "R": 0.3333333333333333
            },
            "88_1040010044AC1100_tile_262": {
                "P": 0.5,
                "R": 1.0
            },
            "55_1040010049CD5600_tile_539": {
                "P": 0.0,
                "R": 0.0
            },
            "98_104001000B9F7B00_tile_264": {
                "P": 1.0,
                "R": 1.0
            },
            "96_104001003C8C7800_tile_1189": {
                "P": 1.0,
                "R": 1.0
            },
            "46_10400100198A4C00_tile_125": {
                "P": 0.0,
                "R": 0.0
            },
            "98_104001000B9F7B00_tile_169": {
                "P": 1.0,
                "R": 1.0
            },
            "59_104001002E3F7500_tile_732": {
                "P": 1.0,
                "R": 1.0
            },
            "96_10400100096C2500_tile_1404": {
                "P": 1.0,
                "R": 1.0
            },
            "23_104001001E51BE00_tile_1960": {
                "P": 1.0,
                "R": 1.0
            },
            "96_104001003C8C7800_tile_993": {
                "P": 0,
                "R": 0.0
            },
            "23_104001001E51BE00_tile_2160": {
                "P": 1.0,
                "R": 1.0
            },
            "88_10400100480E4300_tile_295": {
                "P": 1.0,
                "R": 1.0
            },
            "88_10400100480E4300_tile_306": {
                "P": 1.0,
                "R": 0.6666666666666666
            },
            "88_1040010044AC1100_tile_380": {
                "P": 1.0,
                "R": 1.0
            },
            "26_104001002E574100_tile_1731": {
                "P": 1.0,
                "R": 1.0
            },
            "127_104001002B3BB400_tile_473": {
                "P": 0.0,
                "R": 0.0
            },
            "27_1040010038955600_tile_151": {
                "P": 0.75,
                "R": 0.375
            },
            "26_104001002E574100_tile_2042": {
                "P": 1.0,
                "R": 1.0
            },
            "85_104001003A13C600_tile_28": {
                "P": 0.75,
                "R": 0.6
            },
            "127_104001002B3BB400_tile_716": {
                "P": 1.0,
                "R": 0.75
            },
            "88_104001004B1A3D00_tile_235": {
                "P": 0,
                "R": 0.0
            },
            "23_104001001E51BE00_tile_1134": {
                "P": 0.0,
                "R": 0.0
            },
            "46_10400100198A4C00_tile_106": {
                "P": 1.0,
                "R": 1.0
            },
            "26_104001002E574100_tile_1698": {
                "P": 0.0,
                "R": 0.0
            },
            "96_104001003C8C7800_tile_882": {
                "P": 1.0,
                "R": 0.3
            },
            "87_104001003E94D300_tile_22": {
                "P": 1.0,
                "R": 0.875
            },
            "96_104001003C8C7800_tile_1349": {
                "P": 1.0,
                "R": 0.5
            },
            "26_104001002E574100_tile_1819": {
                "P": 0.0,
                "R": 0.0
            },
            "96_10400100096C2500_tile_1379": {
                "P": 0.0,
                "R": 0.0
            },
            "26_104001002E574100_tile_2000": {
                "P": 0.0,
                "R": 0.0
            },
            "111_1040010028163500_tile_454": {
                "P": 1.0,
                "R": 0.5333333333333333
            },
            "113_10400100413CDF00_tile_167": {
                "P": 1.0,
                "R": 1.0
            },
            "88_104001004B1A3D00_tile_246": {
                "P": 1.0,
                "R": 0.16666666666666666
            },
            "23_104001001E51BE00_tile_1198": {
                "P": 1.0,
                "R": 1.0
            },
            "96_10400100096C2500_tile_914": {
                "P": 0.0,
                "R": 0.0
            },
            "55_1040010049CD5600_tile_437": {
                "P": 1.0,
                "R": 1.0
            },
            "96_10400100096C2500_tile_1075": {
                "P": 0.3333333333333333,
                "R": 0.5
            },
            "96_104001003C8C7800_tile_1104": {
                "P": 1.0,
                "R": 0.5
            },
            "26_104001002E574100_tile_2066": {
                "P": 1.0,
                "R": 1.0
            },
            "46_10400100198A4C00_tile_96": {
                "P": 0.5,
                "R": 0.3333333333333333
            },
            "96_10400100096C2500_tile_992": {
                "P": 0.14285714285714285,
                "R": 0.3333333333333333
            },
            "98_104001000B9F7B00_tile_108": {
                "P": 1.0,
                "R": 0.6
            },
            "96_10400100096C2500_tile_967": {
                "P": 0.47058823529411764,
                "R": 0.5333333333333333
            },
            "88_104001002B095600_tile_270": {
                "P": 0.7777777777777778,
                "R": 0.7
            },
            "96_10400100096C2500_tile_996": {
                "P": 1.0,
                "R": 0.1875
            },
            "96_10400100096C2500_tile_1107": {
                "P": 0,
                "R": 0.0
            },
            "26_104001002E574100_tile_2083": {
                "P": 0.0,
                "R": 0.0
            },