{
    "split_id": "_4_10_",
    "test": {
        "Overall Performance": {
            "tp": 361,
            "fp": 135,
            "fn": 248,
            "predictions": 496,
            "ground truth": 609,
            "precision": 0.7278225806451613,
            "recall": 0.5927750410509032
        }
    }
}