{
    "split_id": "_1_2_",
    "test": {
        "Overall Performance": {
            "tp": 273,
            "fp": 153,
            "fn": 183,
            "predictions": 426,
            "ground truth": 456,
            "precision": 0.6408450704225352,
            "recall": 0.5986842105263158
        },
        "Per Sample Performance": {
            "103_104001004890F500_tile_164": {
                "P": 1.0,
                "R": 0.2
            },
            "87_10400100480E4300_tile_37": {
                "P": 0.2222222222222222,
                "R": 0.5
            },
            "88_10400100480E4300_tile_227": {
                "P": 0.0,
                "R": 0.0
            },
            "113_10400100413CDF00_tile_66": {
                "P": 1.0,
                "R": 1.0
            },
            "88_10400100480E4300_tile_318": {
                "P": 0.8,
                "R": 0.3333333333333333
            },
            "88_1040010044AC1100_tile_342": {
                "P": 1.0,
                "R": 1.0
            },
            "23_104001001E51BE00_tile_1582": {
                "P": 1.0,
                "R": 1.0
            },
            "88_1040010044AC1100_tile_435": {
                "P": 1.0,
                "R": 0.5
            },
            "113_10400100413CDF00_tile_94": {
                "P": 0.6666666666666666,
                "R": 0.6666666666666666
            },
            "23_104001001E51BE00_tile_2283": {
                "P": 1.0,
                "R": 1.0
            },
            "106_10400100413CDF00_tile_60": {
                "P": 1.0,
                "R": 0.75
            },
            "88_1040010043467100_tile_411": {
                "P": 0,
                "R": 0.0
            },
            "23_104001001E51BE00_tile_2481": {
                "P": 1.0,
                "R": 1.0
            },
            "23_104001001E51BE00_tile_1966": {
                "P": 0.0,
                "R": 0.0
            },
            "88_104001002B095600_tile_208": {
                "P": 0.0,
                "R": 0.0
            },
            "88_1040010044AC1100_tile_262": {
                "P": 0,
                "R": 0.0
            },
            "98_104001000B9F7B00_tile_264": {
                "P": 1.0,
                "R": 1.0
            },
            "103_104001004890F500_tile_139": {
                "P": 1.0,
                "R": 0.2
            },
            "46_10400100198A4C00_tile_125": {
                "P": 1.0,
                "R": 1.0
            },
            "98_104001000B9F7B00_tile_169": {
                "P": 1.0,
                "R": 1.0
            },
            "23_104001001E51BE00_tile_1960": {
                "P": 1.0,
                "R": 1.0
            },
            "23_104001001E51BE00_tile_2160": {
                "P": 1.0,
                "R": 1.0
            },
            "88_10400100480E4300_tile_295": {
                "P": 1.0,
                "R": 1.0
            },
            "88_10400100480E4300_tile_306": {
                "P": 1.0,
                "R": 0.6666666666666666
            },
            "88_1040010044AC1100_tile_380": {
                "P": 1.0,
                "R": 1.0
            },
            "26_104001002E574100_tile_1731": {
                "P": 1.0,
                "R": 1.0
            },
            "127_104001002B3BB400_tile_473": {
                "P": 0.0,
                "R": 0.0
            },
            "27_1040010038955600_tile_151": {
                "P": 1.0,
                "R": 0.5
            },
            "26_104001002E574100_tile_2042": {
                "P": 1.0,
                "R": 1.0
            },
            "85_104001003A13C600_tile_28": {
                "P": 1.0,
                "R": 0.6
            },
            "127_104001002B3BB400_tile_716": {
                "P": 1.0,
                "R": 1.0
            },
            "23_104001001E51BE00_tile_1134": {
                "P": 0.0,
                "R": 0.0
            },
            "46_10400100198A4C00_tile_106": {
                "P": 1.0,
                "R": 1.0
            },
            "26_104001002E574100_tile_1698": {
                "P": 1.0,
                "R": 1.0
            },
            "87_104001003E94D300_tile_22": {
                "P": 1.0,
                "R": 0.75
            },
            "26_104001002E574100_tile_1819": {
                "P": 0.0,
                "R": 0.0
            },
            "26_104001002E574100_tile_2000": {
                "P": 0.0,
                "R": 0.0
            },
            "111_1040010028163500_tile_454": {
                "P": 1.0,
                "R": 0.7333333333333333
            },
            "113_10400100413CDF00_tile_167": {
                "P": 1.0,
                "R": 1.0
            },
            "23_104001001E51BE00_tile_1198": {
                "P": 1.0,
                "R": 1.0
            },
            "26_104001002E574100_tile_2066": {
                "P": 1.0,
                "R": 1.0
            },
            "46_10400100198A4C00_tile_96": {
                "P": 0.6666666666666666,
                "R": 0.6666666666666666
            },
            "98_104001000B9F7B00_tile_108": {
                "P": 0.75,
                "R": 0.6
            },
            "88_104001002B095600_tile_270": {
                "P": 0.3333333333333333,
                "R": 0.1
            },
            "26_104001002E574100_tile_2083": {
                "P": 0.0,
                "R": 0.0
            },
            "26_104001002E574100_tile_1898": {
                "P": 1.0,
                "R": 0.5
            },
            "87_1040010043467100_tile_23": {
                "P": 1.0,
                "R": 0.75
            },
            "88_1040010044AC1100_tile_319": {
                "P": 1.0,
                "R": 0.8333333333333334
            },
            "103_104001004890F500_tile_161": {
                "P": 0.5,
                "R": 1.0
            },
            "127_104001002B3BB400_tile_471": {
                "P": 1.0,
                "R": 0.5
            },
            "85_104001003A13C600_tile_29": {
                "P": 1.0,
                "R": 1.0
            },
            "127_104001002B3BB400_tile_711": {
                "P": 0,
                "R": 0.0
            },
            "88_10400100480E4300_tile_238": {
                "P": 0.0,
                "R": 0.0
            },
            "88_104001002B095600_tile_271": {
                "P": 0,
                "R": 0.0
            },
            "88_104001002B095600_tile_197": {
                "P": 0.0,
                "R": 0.0
            },
            "88_104001002B095600_tile_207": {
                "P": 0.0,
                "R": 0.0
            },
            "87_104001002B095600_tile_37": {
                "P": 1.0,
                "R": 0.4
            },
            "88_1040010044AC1100_tile_227": {
                "P": 1.0,
                "R": 1.0
            },
            "98_104001000B9F7B00_tile_130": {
                "P": 0,
                "R": 0.0
            },
            "87_10400100480E4300_tile_30": {
                "P": 1.0,
                "R": 0.25
            },
            "127_104001002B3BB400_tile_801": {
                "P": 1.0,
                "R": 0.5
            },
            "88_10400100480E4300_tile_331": {
                "P": 1.0,
                "R": 1.0
            },
            "127_104001002B3BB400_tile_309": {
                "P": 0.5,
                "R": 1.0
            },
            "88_1040010044AC1100_tile_250": {
                "P": 1.0,
                "R": 1.0
            },
            "87_104001003E94D300_tile_30": {
                "P": 1.0,
                "R": 0.3333333333333333
            },
            "113_10400100413CDF00_tile_53": {
                "P": 1.0,
                "R": 0.5
            },
            "87_10400100480E4300_tile_23": {
                "P": 1.0,