{
    "split_id": "_4_4_",
    "test": {
        "Overall Performance": {
            "tp": 25,
            "fp": 2,
            "fn": 7,
            "predictions": 27,
            "ground truth": 32,
            "precision": 0.9259259259259259,
            "recall": 0.78125
        },
        "Per Sample Performance": {
            "113_10400100413CDF00_tile_66": {
                "P": 0.5,
                "R": 1.0
            },
            "113_10400100413CDF00_tile_94": {
                "P": 1.0,
                "R": 0.3333333333333333
            },
            "106_10400100413CDF00_tile_60": {
                "P": 1.0,
                "R": 0.75
            },
            "113_10400100413CDF00_tile_167": {
                "P": 1.0,
                "R": 1.0
            },
            "113_10400100413CDF00_tile_53": {
                "P": 1.0,
                "R": 0.5
            },
            "113_10400100413CDF00_tile_54": {
                "P": 0.8888888888888888,
                "R": 0.7272727272727273
            },
            "113_10400100413CDF00_tile_55": {
                "P": 1.0,
                "R": 1.0
            },
            "113_10400100413CDF00_tile_40": {
                "P": 1.0,
                "R": 1.0
            }
        }
    }
}