{
    "split_id": "_3_1_",
    "test": {
        "Overall Performance": {
            "tp": 281,
            "fp": 123,
            "fn": 246,
            "predictions": 404,
            "ground truth": 527,
            "precision": 0.6955445544554455,
            "recall": 0.5332068311195446
        },
        "Per Sample Performance": {
            "103_104001004890F500_tile_164": {
                "P": 0.0,
                "R": 0.0
            },
            "87_10400100480E4300_tile_37": {
                "P": 1.0,
                "R": 0.5
            },
            "88_10400100480E4300_tile_227": {
                "P": 0.0,
                "R": 0.0
            },
            "59_104001002E3F7500_tile_494": {
                "P": 1.0,
                "R": 1.0
            },
            "88_10400100480E4300_tile_318": {
                "P": 0.25,
                "R": 0.08333333333333333
            },
            "55_1040010049CD5600_tile_577": {
                "P": 1.0,
                "R": 0.5
            },
            "88_1040010044AC1100_tile_342": {
                "P": 1.0,
                "R": 1.0
            },
            "88_1040010044AC1100_tile_435": {
                "P": 0.6666666666666666,
                "R": 1.0
            },
            "96_10400100096C2500_tile_1161": {
                "P": 0.0,
                "R": 0.0
            },
            "55_1040010049CD5600_tile_616": {
                "P": 0.5,
                "R": 1.0
            },
            "88_1040010043467100_tile_411": {
                "P": 0.0,
                "R": 0.0
            },
            "55_1040010049CD5600_tile_309": {
                "P": 1.0,
                "R": 0.5
            },
            "88_104001002B095600_tile_208": {
                "P": 0.0,
                "R": 0.0
            },
            "88_1040010044AC1100_tile_262": {
                "P": 1.0,
                "R": 1.0
            },
            "55_1040010049CD5600_tile_539": {
                "P": 0.0,
                "R": 0.0
            },
            "98_104001000B9F7B00_tile_264": {
                "P": 1.0,
                "R": 1.0
            },
            "96_104001003C8C7800_tile_1189": {
                "P": 1.0,
                "R": 1.0
            },
            "103_104001004890F500_tile_139": {
                "P": 1.0,
                "R": 0.6
            },
            "46_10400100198A4C00_tile_125": {
                "P": 0.5,
                "R": 1.0
            },
            "98_104001000B9F7B00_tile_169": {
                "P": 1.0,
                "R": 1.0
            },
            "59_104001002E3F7500_tile_732": {
                "P": 1.0,
                "R": 1.0
            },
            "96_10400100096C2500_tile_1404": {
                "P": 1.0,
                "R": 1.0
            },
            "96_104001003C8C7800_tile_993": {
                "P": 0,
                "R": 0.0
            },
            "88_10400100480E4300_tile_295": {
                "P": 1.0,
                "R": 1.0
            },
            "88_10400100480E4300_tile_306": {
                "P": 0.6666666666666666,
                "R": 0.6666666666666666
            },
            "88_1040010044AC1100_tile_380": {
                "P": 1.0,
                "R": 1.0
            },
            "127_104001002B3BB400_tile_473": {
                "P": 0,
                "R": 0.0
            },
            "27_1040010038955600_tile_151": {
                "P": 0.75,
                "R": 0.375
            },
            "85_104001003A13C600_tile_28": {
                "P": 0.75,
                "R": 0.6
            },
            "127_104001002B3BB400_tile_716": {
                "P": 1.0,
                "R": 0.75
            },
            "88_104001004B1A3D00_tile_235": {
                "P": 1.0,
                "R": 1.0
            },
            "46_10400100198A4C00_tile_106": {
                "P": 0.3333333333333333,
                "R": 1.0
            },
            "96_104001003C8C7800_tile_882": {
                "P": 1.0,
                "R": 0.4
            },
            "96_104001003C8C7800_tile_1349": {
                "P": 1.0,
                "R": 1.0
            },
            "96_10400100096C2500_tile_1379": {
                "P": 0.0,
                "R": 0.0
            },
            "111_1040010028163500_tile_454": {
                "P": 0.9090909090909091,
                "R": 0.6666666666666666
            },
            "88_104001004B1A3D00_tile_246": {
                "P": 1.0,
                "R": 0.16666666666666666
            },
            "96_10400100096C2500_tile_914": {
                "P": 0.0,
                "R": 0.0
            },
            "55_1040010049CD5600_tile_437": {
                "P": 1.0,
                "R": 1.0
            },
            "96_10400100096C2500_tile_1075": {
                "P": 0.3333333333333333,
                "R": 0.5
            },
            "96_104001003C8C7800_tile_1104": {
                "P": 1.0,
                "R": 1.0
            },
            "46_10400100198A4C00_tile_96": {
                "P": 0.5,
                "R": 0.3333333333333333
            },
            "96_10400100096C2500_tile_992": {
                "P": 0.3333333333333333,
                "R": 0.3333333333333333
            },
            "98_104001000B9F7B00_tile_108": {
                "P": 0.75,
                "R": 0.6
            },
            "96_10400100096C2500_tile_967": {
                "P": 0.8,
                "R": 0.26666666666666666
            },
            "88_104001002B095600_tile_270": {
                "P": 0.9,
                "R": 0.9
            },
            "96_10400100096C2500_tile_996": {
                "P": 0.8333333333333334,
                "R": 0.3125
            },
            "96_10400100096C2500_tile_1107": {
                "P": 0.0,
                "R": 0.0
            },
            "87_1040010043467100_tile_23": {
                "P": 1.0,
                "R": 0.75
            },
            "88_1040010044AC1100_tile_319": {
                "P": 1.0,
                "R": 1.0
            },
            "55_1040010049CD5600_tile_272": {
                "P": 0.8,
                "R": 0.3333333333333333
            },
            "103_104001004890F500_tile_161": {
                "P": 0.0,
                "R": 0.0
            },
            "96_10400100096C2500_tile_1157": {
                "P": 1.0,
                "R": 0.25
            },
            "55_1040010049CD5600_tile_310": {
                "P": 0.5,
                "R": 0.16666666666666666
            },
            "127_104001002B3BB400_tile_471": {
                "P": 1.0,
                "R": 0.5
            },
            "85_104001003A13C600_tile_29": {
                "P": 1.0,
                "R": 1.0
            },
            "88_104001004B1A3D00_tile_236": {
                "P": 1.0,
                "R": 0.4
            },
            "127_104001002B3BB400_tile_711": {
                "P": 0,
                "R": 0.0
            },
            "88_104001004B1A3D00_tile_208": {
                "P": 1.0,
                "R": 1.0
            },
            "55_1040010049CD5600_tile_661": {
                "P": 1.0,
                "R": 0.3333333333333333
            },
            "88_10400100480E4300_tile_238": {
                "P": 0.0,
                "R": 0.0
            },
            "55_1040010049CD5600_tile_663": {
                "P": 0.25,
                "R": 0.125
            },
            "88_104001002B095600_tile_271": {
                "P": 0.0,
                "R": 0.0
            },
            "88_104001002B095600_tile_197": {
                "P": 0.08333333333333333,
                "R": 0.14285714285714285
            },
            "59_104001002E3F7500_tile_926": {
                "P": 1.0,
                "R": 0.3333333333333333
            },