{
    "split_id": "_3_2_",
    "test": {
        "Overall Performance": {
            "tp": 58,
            "fp": 3,
            "fn": 20,
            "predictions": 61,
            "ground truth": 78,
            "precision": 0.9508196721311475,
            "recall": 0.7435897435897436
        },
        "Per Sample Performance": {
            "88_1040010044AC1100_tile_342": {
                "P": 1.0,
                "R": 1.0
            },
            "88_1040010044AC1100_tile_435": {
                "P": 1.0,
                "R": 1.0
            },
            "88_1040010043467100_tile_411": {
                "P": 1.0,
                "R": 1.0
            },
            "88_1040010044AC1100_tile_262": {
                "P": 0.0,
                "R": 0.0
            },
            "88_1040010044AC1100_tile_380": {
                "P": 1.0,
                "R": 1.0
            },
            "87_1040010043467100_tile_23": {
                "P": 1.0,
                "R": 0.75
            },
            "88_1040010044AC1100_tile_319": {
                "P": 1.0,
                "R": 0.8333333333333334
            },
            "88_1040010044AC1100_tile_227": {
                "P": 1.0,
                "R": 0.4
            },
            "88_1040010044AC1100_tile_250": {
                "P": 1.0,
                "R": 1.0
            },
            "88_1040010044AC1100_tile_240": {
                "P": 1.0,
                "R": 1.0
            },
            "88_1040010044AC1100_tile_318": {
                "P": 1.0,
                "R": 1.0
            },
            "88_1040010044AC1100_tile_446": {
                "P": 0.0,
                "R": 0.0
            },
            "88_1040010044AC1100_tile_330": {
                "P": 1.0,
                "R": 0.9
            },
            "88_1040010043467100_tile_239": {
                "P": 1.0,
                "R": 0.25
            },
            "88_1040010043467100_tile_330": {
                "P": 1.0,
                "R": 1.0
            },
            "87_1040010043467100_tile_29": {
                "P": 1.0,
                "R": 0.5
            },
            "88_1040010044AC1100_tile_239": {
                "P": 1.0,
                "R": 0.625
            },
            "88_1040010044AC1100_tile_307": {
                "P": 1.0,
                "R": 1.0
            },
            "88_1040010044AC1100_tile_228": {
                "P": 1.0,
                "R": 0.5
            },
            "88_1040010044AC1100_tile_331": {
                "P": 1.0,
                "R": 0.8571428571428571
            },
            "88_1040010044AC1100_tile_434": {
                "P": 1.0,
                "R": 1.0
            },
            "88_1040010044AC1100_tile_274": {
                "P": 0.0,
                "R": 0.0
            },
            "88_1040010044AC1100_tile_379": {
                "P": 1.0,
                "R": 1.0
            },
            "88_1040010044AC1100_tile_251": {
                "P": 1.0,
                "R": 0.3333333333333333
            },
            "88_1040010044AC1100_tile_343": {
                "P": 1.0,
                "R": 1.0
            }
        }
    }
}