{
    "split_id": "_2_0_",
    "test": {
        "Overall Performance": {
            "tp": 362,
            "fp": 110,
            "fn": 247,
            "predictions": 472,
            "ground truth": 609,
            "precision": 0.7669491525423728,
            "recall": 0.5944170771756979
        }
    }
}