{
    "split_id": "_2_2_",
    "test": {
        "Overall Performance": {
            "tp": 38,
            "fp": 33,
            "fn": 82,
            "predictions": 71,
            "ground truth": 120,
            "precision": 0.5352112676056338,
            "recall": 0.31666666666666665
        },
        "Per Sample Performance": {
            "59_104001002E3F7500_tile_494": {
                "P": 1.0,
                "R": 1.0
            },
            "55_1040010049CD5600_tile_577": {
                "P": 0.0,
                "R": 0.0
            },
            "96_10400100096C2500_tile_1161": {
                "P": 0.0,
                "R": 0.0
            },
            "55_1040010049CD5600_tile_616": {
                "P": 1.0,
                "R": 1.0
            },
            "55_1040010049CD5600_tile_309": {
                "P": 0.6666666666666666,
                "R": 0.5
            },
            "55_1040010049CD5600_tile_539": {
                "P": 0.0,
                "R": 0.0
            },
            "96_104001003C8C7800_tile_1189": {
                "P": 0.0,
                "R": 0.0
            },
            "59_104001002E3F7500_tile_732": {
                "P": 1.0,
                "R": 1.0
            },
            "96_10400100096C2500_tile_1404": {
                "P": 1.0,
                "R": 1.0
            },
            "96_104001003C8C7800_tile_993": {
                "P": 0,
                "R": 0.0
            },
            "96_104001003C8C7800_tile_882": {
                "P": 0.75,
                "R": 0.3
            },
            "96_104001003C8C7800_tile_1349": {
                "P": 1.0,
                "R": 1.0
            },
            "96_10400100096C2500_tile_1379": {
                "P": 0.0,
                "R": 0.0
            },
            "96_10400100096C2500_tile_914": {
                "P": 0.2,
                "R": 0.5
            },
            "55_1040010049CD5600_tile_437": {
                "P": 1.0,
                "R": 1.0
            },
            "96_10400100096C2500_tile_1075": {
                "P": 0.0,
                "R": 0.0
            },
            "96_104001003C8C7800_tile_1104": {
                "P": 0.6666666666666666,
                "R": 1.0
            },
            "96_10400100096C2500_tile_992": {
                "P": 0.0,
                "R": 0.0
            },
            "96_10400100096C2500_tile_967": {
                "P": 1.0,
                "R": 0.06666666666666667
            },
            "96_10400100096C2500_tile_996": {
                "P": 0.0,
                "R": 0.0
            },
            "96_10400100096C2500_tile_1107": {
                "P": 0.0,
                "R": 0.0
            },
            "55_1040010049CD5600_tile_272": {
                "P": 0.0,
                "R": 0.0
            },
            "96_10400100096C2500_tile_1157": {
                "P": 0.5,
                "R": 0.25
            },
            "55_1040010049CD5600_tile_310": {
                "P": 0.5,
                "R": 0.3333333333333333
            },
            "55_1040010049CD5600_tile_661": {
                "P": 0.0,
                "R": 0.0
            },
            "55_1040010049CD5600_tile_663": {
                "P": 0.8333333333333334,
                "R": 0.625
            },
            "59_104001002E3F7500_tile_926": {
                "P": 0.6666666666666666,
                "R": 0.6666666666666666
            },
            "59_104001002E3F7500_tile_1563": {
                "P": 1.0,
                "R": 1.0
            },
            "59_104001002E3F7500_tile_1239": {
                "P": 0.0,
                "R": 0.0
            },
            "59_104001002E3F7500_tile_783": {
                "P": 0.0,
                "R": 0.0
            },
            "59_104001002E3F7500_tile_1610": {
                "P": 1.0,
                "R": 1.0
            },
            "59_104001002E3F7500_tile_930": {
                "P": 0.5,
                "R": 1.0
            },
            "59_104001002E3F7500_tile_977": {
                "P": 1.0,
                "R": 1.0
            }
        }
    }
}