{
    "split_id": "_3_0_",
    "test": {
        "Overall Performance": {
            "tp": 162,
            "fp": 106,
            "fn": 215,
            "predictions": 268,
            "ground truth": 377,
            "precision": 0.6044776119402985,
            "recall": 0.4297082228116711
        },
        "Per Sample Performance": {
            "103_104001004890F500_tile_164": {
                "P": 0.0,
                "R": 0.0
            },
            "55_1040010049CD5600_tile_577": {
                "P": 1.0,
                "R": 0.5
            },
            "96_10400100096C2500_tile_1161": {
                "P": 0,
                "R": 0.0
            },
            "55_1040010049CD5600_tile_616": {
                "P": 1.0,
                "R": 1.0
            },
            "55_1040010049CD5600_tile_309": {
                "P": 0.5,
                "R": 0.5
            },
            "88_104001002B095600_tile_208": {
                "P": 0.0,
                "R": 0.0
            },
            "55_1040010049CD5600_tile_539": {
                "P": 1.0,
                "R": 1.0
            },
            "98_104001000B9F7B00_tile_264": {
                "P": 1.0,
                "R": 1.0
            },
            "96_104001003C8C7800_tile_1189": {
                "P": 0.0,
                "R": 0.0
            },
            "103_104001004890F500_tile_139": {
                "P": 0.75,
                "R": 0.6
            },
            "46_10400100198A4C00_tile_125": {
                "P": 0.5,
                "R": 1.0
            },
            "98_104001000B9F7B00_tile_169": {
                "P": 1.0,
                "R": 1.0
            },
            "96_10400100096C2500_tile_1404": {
                "P": 0.0,
                "R": 0.0
            },
            "96_104001003C8C7800_tile_993": {
                "P": 0,
                "R": 0.0
            },
            "127_104001002B3BB400_tile_473": {
                "P": 0.0,
                "R": 0.0
            },
            "27_1040010038955600_tile_151": {
                "P": 0.6666666666666666,
                "R": 0.5
            },
            "85_104001003A13C600_tile_28": {
                "P": 0.8,
                "R": 0.8
            },
            "127_104001002B3BB400_tile_716": {
                "P": 0.6666666666666666,
                "R": 0.5
            },
            "88_104001004B1A3D00_tile_235": {
                "P": 0.0,
                "R": 0.0
            },
            "46_10400100198A4C00_tile_106": {
                "P": 1.0,
                "R": 1.0
            },
            "96_104001003C8C7800_tile_882": {
                "P": 0.75,
                "R": 0.3
            },
            "96_104001003C8C7800_tile_1349": {
                "P": 1.0,
                "R": 1.0
            },
            "96_10400100096C2500_tile_1379": {
                "P": 0.0,
                "R": 0.0
            },
            "111_1040010028163500_tile_454": {
                "P": 1.0,
                "R": 0.8666666666666667
            },
            "88_104001004B1A3D00_tile_246": {
                "P": 1.0,
                "R": 0.16666666666666666
            },
            "96_10400100096C2500_tile_914": {
                "P": 0,
                "R": 0.0
            },
            "55_1040010049CD5600_tile_437": {
                "P": 1.0,
                "R": 1.0
            },
            "96_10400100096C2500_tile_1075": {
                "P": 0.0,
                "R": 0.0
            },
            "96_104001003C8C7800_tile_1104": {
                "P": 1.0,
                "R": 0.5
            },
            "46_10400100198A4C00_tile_96": {
                "P": 0.5,
                "R": 0.3333333333333333
            },
            "96_10400100096C2500_tile_992": {
                "P": 0.0,
                "R": 0.0
            },
            "98_104001000B9F7B00_tile_108": {
                "P": 0.8,
                "R": 0.8
            },
            "96_10400100096C2500_tile_967": {
                "P": 0.0,
                "R": 0.0
            },
            "88_104001002B095600_tile_270": {
                "P": 0.0,
                "R": 0.0
            },
            "96_10400100096C2500_tile_996": {
                "P": 1.0,
                "R": 0.1875
            },
            "96_10400100096C2500_tile_1107": {
                "P": 0.0,
                "R": 0.0
            },
            "55_1040010049CD5600_tile_272": {
                "P": 0.18181818181818182,
                "R": 0.16666666666666666
            },
            "103_104001004890F500_tile_161": {
                "P": 0.0,
                "R": 0.0
            },
            "96_10400100096C2500_tile_1157": {
                "P": 0.0,
                "R": 0.0
            },
            "55_1040010049CD5600_tile_310": {
                "P": 0.16666666666666666,
                "R": 0.16666666666666666
            },
            "127_104001002B3BB400_tile_471": {
                "P": 0.0,
                "R": 0.0
            },
            "85_104001003A13C600_tile_29": {
                "P": 1.0,
                "R": 1.0
            },
            "88_104001004B1A3D00_tile_236": {
                "P": 1.0,
                "R": 0.2
            },
            "127_104001002B3BB400_tile_711": {
                "P": 0.0,
                "R": 0.0
            },
            "88_104001004B1A3D00_tile_208": {
                "P": 0.5,
                "R": 1.0
            },
            "55_1040010049CD5600_tile_661": {
                "P": 0.5,
                "R": 0.3333333333333333
            },
            "55_1040010049CD5600_tile_663": {
                "P": 0.5,
                "R": 0.375
            },
            "88_104001002B095600_tile_271": {
                "P": 0.0,
                "R": 0.0
            },
            "88_104001002B095600_tile_197": {
                "P": 0,
                "R": 0.0
            },
            "88_104001002B095600_tile_207": {
                "P": 0.0,
                "R": 0.0
            },
            "87_104001002B095600_tile_37": {
                "P": 0.3333333333333333,
                "R": 0.2
            },
            "98_104001000B9F7B00_tile_130": {
                "P": 0,
                "R": 0.0
            },
            "127_104001002B3BB400_tile_801": {
                "P": 0.5,
                "R": 0.5
            },
            "127_104001002B3BB400_tile_309": {
                "P": 1.0,
                "R": 1.0
            },
            "87_104001002B095600_tile_14": {
                "P": 0.0,
                "R": 0.0
            },
            "127_104001002B3BB400_tile_443": {
                "P": 0.6666666666666666,
                "R": 0.6666666666666666
            },
            "87_104001002B095600_tile_36": {
                "P": 0,
                "R": 0.0
            },
            "98_104001000B9F7B00_tile_166": {
                "P": 1.0,
                "R": 1.0
            },
            "103_104001004890F500_tile_163": {
                "P": 1.0,
                "R": 0.5
            },
            "127_104001002B3BB400_tile_603": {
                "P": 0.625,
                "R": 0.5555555555555556
            },
            "88_104001002B095600_tile_186": {
                "P": 0.0,
                "R": 0.0
            },
            "87_104001002B095600_tile_21": {
                "P": 1.0,
                "R": 0.5
            },
            "27_1040010038955600_tile_118": {
                "P": 0.3333333333333333,
                "R": 1.0
            },
            "98_104001000B9F7B00_tile_301": {
                "P": 1.0,
                "R": 1.0
            },
            "103_104001004890F500_tile_140": {
                "P": 0.5,
                "R": 0.125
            },
            "46_10400100198A4C00_tile_124": {
                "P": 1.0,
                "R": 1.0
            },