{
    "split_id": "_4_7_",
    "test": {
        "Overall Performance": {
            "tp": 8,
            "fp": 7,
            "fn": 15,
            "predictions": 15,
            "ground truth": 23,
            "precision": 0.5333333333333333,
            "recall": 0.34782608695652173
        },
        "Per Sample Performance": {
            "127_104001002B3BB400_tile_473": {
                "P": 0.0,
                "R": 0.0
            },
            "127_104001002B3BB400_tile_716": {
                "P": 0.5,
                "R": 0.25
            },
            "127_104001002B3BB400_tile_471": {
                "P": 0.0,
                "R": 0.0
            },
            "127_104001002B3BB400_tile_711": {
                "P": 0,
                "R": 0.0
            },
            "127_104001002B3BB400_tile_801": {
                "P": 1.0,
                "R": 0.5
            },
            "127_104001002B3BB400_tile_309": {
                "P": 0.0,
                "R": 0.0
            },
            "127_104001002B3BB400_tile_443": {
                "P": 1.0,
                "R": 0.6666666666666666
            },
            "127_104001002B3BB400_tile_603": {
                "P": 0.6666666666666666,
                "R": 0.4444444444444444
            }
        }
    }
}