{
    "split_id": "_4_6_",
    "test": {
        "Overall Performance": {
            "tp": 386,
            "fp": 102,
            "fn": 223,
            "predictions": 488,
            "ground truth": 609,
            "precision": 0.7909836065573771,
            "recall": 0.6338259441707718
        }
    }
}