{
    "split_id": "_0_1_",
    "test": {
        "Overall Performance": {
            "tp": 371,
            "fp": 105,
            "fn": 238,
            "predictions": 476,
            "ground truth": 609,
            "precision": 0.7794117647058824,
            "recall": 0.6091954022988506
        }
    }
}