{
    "split_id": "_3_3_",
    "test": {
        "Overall Performance": {
            "tp": 20,
            "fp": 40,
            "fn": 52,
            "predictions": 60,
            "ground truth": 72,
            "precision": 0.3333333333333333,
            "recall": 0.2777777777777778
        },
        "Per Sample Performance": {
            "87_10400100480E4300_tile_37": {
                "P": 0.0,
                "R": 0.0
            },
            "88_10400100480E4300_tile_227": {
                "P": 0.0,
                "R": 0.0
            },
            "59_104001002E3F7500_tile_494": {
                "P": 1.0,
                "R": 1.0
            },
            "88_10400100480E4300_tile_318": {
                "P": 0.5,
                "R": 0.3333333333333333
            },
            "59_104001002E3F7500_tile_732": {
                "P": 1.0,
                "R": 1.0
            },
            "88_10400100480E4300_tile_295": {
                "P": 0.5,
                "R": 0.5
            },
            "88_10400100480E4300_tile_306": {
                "P": 0.3333333333333333,
                "R": 0.3333333333333333
            },
            "88_10400100480E4300_tile_238": {
                "P": 0,
                "R": 0.0
            },
            "59_104001002E3F7500_tile_926": {
                "P": 1.0,
                "R": 0.3333333333333333
            },
            "87_10400100480E4300_tile_30": {
                "P": 0.0,
                "R": 0.0
            },
            "88_10400100480E4300_tile_331": {
                "P": 0.0,
                "R": 0.0
            },
            "87_10400100480E4300_tile_23": {
                "P": 0.0,
                "R": 0.0
            },
            "87_10400100480E4300_tile_15": {
                "P": 0.0,
                "R": 0.0
            },
            "59_104001002E3F7500_tile_1563": {
                "P": 0.8,
                "R": 0.8
            },
            "59_104001002E3F7500_tile_1239": {
                "P": 0.0,
                "R": 0.0
            },
            "87_10400100480E4300_tile_29": {
                "P": 0.2,
                "R": 0.3333333333333333
            },
            "59_104001002E3F7500_tile_783": {
                "P": 0.0,
                "R": 0.0
            },
            "59_104001002E3F7500_tile_1610": {
                "P": 1.0,
                "R": 1.0
            },
            "88_10400100480E4300_tile_307": {
                "P": 0.5,
                "R": 0.4
            },
            "87_10400100480E4300_tile_38": {
                "P": 0,
                "R": 0.0
            },
            "59_104001002E3F7500_tile_930": {
                "P": 0.2,
                "R": 1.0
            },
            "59_104001002E3F7500_tile_977": {
                "P": 0.5,
                "R": 1.0
            },
            "88_10400100480E4300_tile_330": {
                "P": 0.0,
                "R": 0.0
            },
            "87_10400100480E4300_tile_44": {
                "P": 0.0,
                "R": 0.0
            },
            "87_10400100480E4300_tile_31": {
                "P": 0.0,
                "R": 0.0
            }
        }
    }
}