{
    "split_id": "_4_5_",
    "test": {
        "Overall Performance": {
            "tp": 365,
            "fp": 155,
            "fn": 244,
            "predictions": 520,
            "ground truth": 609,
            "precision": 0.7019230769230769,
            "recall": 0.5993431855500821
        }
    }
}