{
    "split_id": "_4_10_",
    "test": {
        "Overall Performance": {
            "tp": 10,
            "fp": 26,
            "fn": 31,
            "predictions": 36,
            "ground truth": 41,
            "precision": 0.2777777777777778,
            "recall": 0.24390243902439024
        },
        "Per Sample Performance": {
            "55_1040010049CD5600_tile_577": {
                "P": 0.0,
                "R": 0.0
            },
            "55_1040010049CD5600_tile_616": {
                "P": 1.0,
                "R": 1.0
            },
            "55_1040010049CD5600_tile_309": {
                "P": 0.3333333333333333,
                "R": 0.5
            },
            "55_1040010049CD5600_tile_539": {
                "P": 0.3333333333333333,
                "R": 1.0
            },
            "55_1040010049CD5600_tile_437": {
                "P": 1.0,
                "R": 1.0
            },
            "55_1040010049CD5600_tile_272": {
                "P": 0.0,
                "R": 0.0
            },
            "55_1040010049CD5600_tile_310": {
                "P": 0.0,
                "R": 0.0
            },
            "55_1040010049CD5600_tile_661": {
                "P": 0.0,
                "R": 0.0
            },
            "55_1040010049CD5600_tile_663": {
                "P": 0.3333333333333333,
                "R": 0.25
            }
        }
    }
}