{
    "split_id": "_3_1_",
    "test": {
        "Overall Performance": {
            "tp": 57,
            "fp": 15,
            "fn": 25,
            "predictions": 72,
            "ground truth": 82,
            "precision": 0.7916666666666666,
            "recall": 0.6951219512195121
        },
        "Per Sample Performance": {
            "113_10400100413CDF00_tile_66": {
                "P": 0.5,
                "R": 1.0
            },
            "23_104001001E51BE00_tile_1582": {
                "P": 0.0,
                "R": 0.0
            },
            "113_10400100413CDF00_tile_94": {
                "P": 1.0,
                "R": 0.6666666666666666
            },
            "23_104001001E51BE00_tile_2283": {
                "P": 1.0,
                "R": 1.0
            },
            "106_10400100413CDF00_tile_60": {
                "P": 1.0,
                "R": 0.5
            },
            "23_104001001E51BE00_tile_2481": {
                "P": 1.0,
                "R": 1.0
            },
            "23_104001001E51BE00_tile_1966": {
                "P": 1.0,
                "R": 1.0
            },
            "23_104001001E51BE00_tile_1960": {
                "P": 0.5,
                "R": 1.0
            },
            "23_104001001E51BE00_tile_2160": {
                "P": 1.0,
                "R": 1.0
            },
            "26_104001002E574100_tile_1731": {
                "P": 0.5,
                "R": 1.0
            },
            "26_104001002E574100_tile_2042": {
                "P": 1.0,
                "R": 1.0
            },
            "23_104001001E51BE00_tile_1134": {
                "P": 0.0,
                "R": 0.0
            },
            "26_104001002E574100_tile_1698": {
                "P": 0.5,
                "R": 1.0
            },
            "87_104001003E94D300_tile_22": {
                "P": 1.0,
                "R": 0.75
            },
            "26_104001002E574100_tile_1819": {
                "P": 0.0,
                "R": 0.0
            },
            "26_104001002E574100_tile_2000": {
                "P": 0.0,
                "R": 0.0
            },
            "113_10400100413CDF00_tile_167": {
                "P": 1.0,
                "R": 1.0
            },
            "23_104001001E51BE00_tile_1198": {
                "P": 1.0,
                "R": 1.0
            },
            "26_104001002E574100_tile_2066": {
                "P": 0.5,
                "R": 0.5
            },
            "26_104001002E574100_tile_2083": {
                "P": 0.0,
                "R": 0.0
            },
            "26_104001002E574100_tile_1898": {
                "P": 0.3333333333333333,
                "R": 0.5
            },
            "87_104001003E94D300_tile_30": {
                "P": 1.0,
                "R": 0.3333333333333333
            },
            "113_10400100413CDF00_tile_53": {
                "P": 1.0,
                "R": 0.5
            },
            "113_10400100413CDF00_tile_54": {
                "P": 1.0,
                "R": 0.8181818181818182
            },
            "87_104001003E94D300_tile_37": {
                "P": 1.0,
                "R": 0.5
            },
            "87_104001003E94D300_tile_29": {
                "P": 1.0,
                "R": 0.6666666666666666
            },
            "87_104001003E94D300_tile_14": {
                "P": 1.0,
                "R": 0.75
            },
            "87_104001003E94D300_tile_21": {
                "P": 1.0,
                "R": 1.0
            },
            "88_1040010040D29200_tile_403": {
                "P": 1.0,
                "R": 1.0
            },
            "87_104001003E94D300_tile_36": {
                "P": 1.0,
                "R": 0.5
            },
            "113_10400100413CDF00_tile_55": {
                "P": 1.0,
                "R": 0.5
            },
            "113_10400100413CDF00_tile_40": {
                "P": 0.875,
                "R": 0.875
            }
        }
    }
}