{
    "split_id": "_4_8_",
    "test": {
        "Overall Performance": {
            "tp": 383,
            "fp": 128,
            "fn": 226,
            "predictions": 511,
            "ground truth": 609,
            "precision": 0.7495107632093934,
            "recall": 0.6288998357963875
        }
    }
}