{
    "split_id": "_0_3_",
    "test": {
        "Overall Performance": {
            "tp": 46,
            "fp": 99,
            "fn": 138,
            "predictions": 145,
            "ground truth": 184,
            "precision": 0.31724137931034485,
            "recall": 0.25
        },
        "Per Sample Performance": {
            "87_10400100480E4300_tile_37": {
                "P": 0.3333333333333333,
                "R": 0.25
            },
            "88_10400100480E4300_tile_227": {
                "P": 0.0,
                "R": 0.0
            },
            "88_10400100480E4300_tile_318": {
                "P": 0.5,
                "R": 0.3333333333333333
            },
            "96_10400100096C2500_tile_1161": {
                "P": 0,
                "R": 0.0
            },
            "88_104001002B095600_tile_208": {
                "P": 0.0,
                "R": 0.0
            },
            "96_104001003C8C7800_tile_1189": {
                "P": 0,
                "R": 0.0
            },
            "96_10400100096C2500_tile_1404": {
                "P": 1.0,
                "R": 1.0
            },
            "96_104001003C8C7800_tile_993": {
                "P": 0,
                "R": 0.0
            },
            "88_10400100480E4300_tile_295": {
                "P": 1.0,
                "R": 1.0
            },
            "88_10400100480E4300_tile_306": {
                "P": 0.5,
                "R": 0.3333333333333333
            },
            "96_104001003C8C7800_tile_882": {
                "P": 0.75,
                "R": 0.3
            },
            "96_104001003C8C7800_tile_1349": {
                "P": 1.0,
                "R": 1.0
            },
            "96_10400100096C2500_tile_1379": {
                "P": 0.1,
                "R": 1.0
            },
            "96_10400100096C2500_tile_914": {
                "P": 0.0,
                "R": 0.0
            },
            "96_10400100096C2500_tile_1075": {
                "P": 0.09090909090909091,
                "R": 0.5
            },
            "96_104001003C8C7800_tile_1104": {
                "P": 1.0,
                "R": 0.5
            },
            "96_10400100096C2500_tile_992": {
                "P": 0.1,
                "R": 0.3333333333333333
            },
            "96_10400100096C2500_tile_967": {
                "P": 0.6666666666666666,
                "R": 0.13333333333333333
            },
            "88_104001002B095600_tile_270": {
                "P": 0.6666666666666666,
                "R": 0.2
            },
            "96_10400100096C2500_tile_996": {
                "P": 0.75,
                "R": 0.1875
            },
            "96_10400100096C2500_tile_1107": {
                "P": 0.0,
                "R": 0.0
            },
            "96_10400100096C2500_tile_1157": {
                "P": 0.5,
                "R": 0.25
            },
            "88_10400100480E4300_tile_238": {
                "P": 0,
                "R": 0.0
            },
            "88_104001002B095600_tile_271": {
                "P": 0.0,
                "R": 0.0
            },
            "88_104001002B095600_tile_197": {
                "P": 0.0,
                "R": 0.0
            },
            "88_104001002B095600_tile_207": {
                "P": 0.0,
                "R": 0.0
            },
            "87_104001002B095600_tile_37": {
                "P": 1.0,
                "R": 0.4
            },
            "87_10400100480E4300_tile_30": {
                "P": 0.0,
                "R": 0.0
            },
            "88_10400100480E4300_tile_331": {
                "P": 0.5,
                "R": 1.0
            },
            "87_10400100480E4300_tile_23": {
                "P": 0.0,
                "R": 0.0
            },
            "87_10400100480E4300_tile_15": {
                "P": 0.0,
                "R": 0.0
            },
            "87_104001002B095600_tile_14": {
                "P": 1.0,
                "R": 0.3333333333333333
            },
            "87_104001002B095600_tile_36": {
                "P": 1.0,
                "R": 0.3333333333333333
            },
            "88_104001002B095600_tile_186": {
                "P": 0.0,
                "R": 0.0
            },
            "87_104001002B095600_tile_21": {
                "P": 0.3333333333333333,
                "R": 1.0
            },
            "87_10400100480E4300_tile_29": {
                "P": 0.0,
                "R": 0.0
            },
            "87_104001002B095600_tile_29": {
                "P": 1.0,
                "R": 0.25
            },
            "88_104001002B095600_tile_260": {
                "P": 0.0,
                "R": 0.0
            },
            "87_104001002B095600_tile_30": {
                "P": 0.5,
                "R": 0.25
            },
            "88_104001002B095600_tile_259": {
                "P": 1.0,
                "R": 0.2
            },
            "88_10400100480E4300_tile_307": {
                "P": 1.0,
                "R": 0.8
            },
            "87_10400100480E4300_tile_38": {
                "P": 0.5,
                "R": 1.0
            },
            "88_10400100480E4300_tile_330": {
                "P": 0.0,
                "R": 0.0
            },
            "88_104001002B095600_tile_281": {
                "P": 0.125,
                "R": 0.25
            },
            "88_104001002B095600_tile_280": {
                "P": 1.0,
                "R": 1.0
            },
            "88_104001002B095600_tile_337": {
                "P": 0.0,
                "R": 0.0
            },
            "87_10400100480E4300_tile_44": {
                "P": 0.0,
                "R": 0.0
            },
            "87_104001002B095600_tile_22": {
                "P": 0.6666666666666666,
                "R": 0.2857142857142857
            },
            "87_10400100480E4300_tile_31": {
                "P": 0.3333333333333333,
                "R": 0.5
            }
        }
    }
}