{
    "split_id": "_3_3_",
    "test": {
        "Overall Performance": {
            "tp": 366,
            "fp": 158,
            "fn": 243,
            "predictions": 524,
            "ground truth": 609,
            "precision": 0.6984732824427481,
            "recall": 0.6009852216748769
        }
    }
}