{
    "split_id": "_4_0_",
    "test": {
        "Overall Performance": {
            "tp": 15,
            "fp": 4,
            "fn": 4,
            "predictions": 19,
            "ground truth": 19,
            "precision": 0.7894736842105263,
            "recall": 0.7894736842105263
        },
        "Per Sample Performance": {
            "98_104001000B9F7B00_tile_264": {
                "P": 1.0,
                "R": 1.0
            },
            "98_104001000B9F7B00_tile_169": {
                "P": 1.0,
                "R": 1.0
            },
            "85_104001003A13C600_tile_28": {
                "P": 0.6666666666666666,
                "R": 0.8
            },
            "98_104001000B9F7B00_tile_108": {
                "P": 0.8,
                "R": 0.8
            },
            "85_104001003A13C600_tile_29": {
                "P": 1.0,
                "R": 1.0
            },
            "98_104001000B9F7B00_tile_130": {
                "P": 0,
                "R": 0.0
            },
            "98_104001000B9F7B00_tile_166": {
                "P": 1.0,
                "R": 1.0
            },
            "98_104001000B9F7B00_tile_301": {
                "P": 0.0,
                "R": 0.0
            }
        }
    }
}