{
    "split_id": "_4_1_",
    "test": {
        "Overall Performance": {
            "tp": 7,
            "fp": 8,
            "fn": 5,
            "predictions": 15,
            "ground truth": 12,
            "precision": 0.4666666666666667,
            "recall": 0.5833333333333334
        },
        "Per Sample Performance": {
            "26_104001002E574100_tile_1731": {
                "P": 1.0,
                "R": 1.0
            },
            "26_104001002E574100_tile_2042": {
                "P": 1.0,
                "R": 0.6666666666666666
            },
            "26_104001002E574100_tile_1698": {
                "P": 0.5,
                "R": 1.0
            },
            "26_104001002E574100_tile_1819": {
                "P": 0.5,
                "R": 1.0
            },
            "26_104001002E574100_tile_2000": {
                "P": 0.0,
                "R": 0.0
            },
            "26_104001002E574100_tile_2066": {
                "P": 1.0,
                "R": 1.0
            },
            "26_104001002E574100_tile_2083": {
                "P": 0.0,
                "R": 0.0
            },
            "26_104001002E574100_tile_1898": {
                "P": 0.0,
                "R": 0.0
            }
        }
    }
}