{
    "split_id": "_4_9_",
    "test": {
        "Overall Performance": {
            "tp": 385,
            "fp": 140,
            "fn": 224,
            "predictions": 525,
            "ground truth": 609,
            "precision": 0.7333333333333333,
            "recall": 0.632183908045977
        }
    }
}