{
    "split_id": "_0_2_",
    "test": {
        "Overall Performance": {
            "tp": 383,
            "fp": 144,
            "fn": 226,
            "predictions": 527,
            "ground truth": 609,
            "precision": 0.7267552182163188,
            "recall": 0.6288998357963875
        }
    }
}