{
    "split_id": "_3_2_",
    "test": {
        "Overall Performance": {
            "tp": 384,
            "fp": 121,
            "fn": 225,
            "predictions": 505,
            "ground truth": 609,
            "precision": 0.7603960396039604,
            "recall": 0.6305418719211823
        }
    }
}