{
    "_0_0_": {
        "test_excluded": {
            "fn": 45,
            "fp": 27,
            "ground truth": 105,
            "precision": 0.6896551724137931,
            "predictions": 87,
            "recall": 0.5714285714285714,
            "test_set_size": 25,
            "tp": 60
        },
        "test_included": {
            "fn": 194,
            "fp": 91,
            "ground truth": 504,
            "precision": 0.773067331670823,
            "predictions": 401,
            "recall": 0.6150793650793651,
            "test_set_size": 147,
            "tp": 310
        }
    },
    "_0_1_": {
        "test_excluded": {
            "fn": 52,
            "fp": 21,
            "ground truth": 127,
            "precision": 0.78125,
            "predictions": 96,
            "recall": 0.5905511811023622,
            "test_set_size": 33,
            "tp": 75
        },
        "test_included": {
            "fn": 186,
            "fp": 84,
            "ground truth": 482,
            "precision": 0.7789473684210526,
            "predictions": 380,
            "recall": 0.6141078838174274,
            "test_set_size": 139,
            "tp": 296
        }
    },
    "_0_2_": {
        "test_excluded": {
            "fn": 20,
            "fp": 15,
            "ground truth": 54,
            "precision": 0.6938775510204082,
            "predictions": 49,
            "recall": 0.6296296296296297,
            "test_set_size": 24,
            "tp": 34
        },
        "test_included": {
            "fn": 206,
            "fp": 129,
            "ground truth": 555,
            "precision": 0.7301255230125523,
            "predictions": 478,
            "recall": 0.6288288288288288,
            "test_set_size": 148,
            "tp": 349
        }
    },
    "_0_3_": {
        "test_excluded": {
            "fn": 138,
            "fp": 99,
            "ground truth": 184,
            "precision": 0.31724137931034485,
            "predictions": 145,
            "recall": 0.25,
            "test_set_size": 49,
            "tp": 46
        },
        "test_included": {
            "fn": 129,
            "fp": 67,
            "ground truth": 425,
            "precision": 0.8154269972451791,
            "predictions": 363,
            "recall": 0.6964705882352941,
            "test_set_size": 123,
            "tp": 296
        }
    },
    "_0_4_": {
        "test_excluded": {
            "fn": 62,
            "fp": 9,
            "ground truth": 139,
            "precision": 0.8953488372093024,
            "predictions": 86,
            "recall": 0.5539568345323741,
            "test_set_size": 41,
            "tp": 77
        },
        "test_included": {
            "fn": 198,
            "fp": 100,
            "ground truth": 470,
            "precision": 0.7311827956989247,
            "predictions": 372,
            "recall": 0.5787234042553191,
            "test_set_size": 131,
            "tp": 272
        }
    },
    "_1_0_": {
        "test_excluded": {
            "fn": 72,
            "fp": 24,
            "ground truth": 213,
            "precision": 0.8545454545454545,
            "predictions": 165,
            "recall": 0.6619718309859155,
            "test_set_size": 70,
            "tp": 141
        },
        "test_included": {
            "fn": 179,
            "fp": 69,
            "ground truth": 396,
            "precision": 0.7587412587412588,
            "predictions": 286,
            "recall": 0.547979797979798,
            "test_set_size": 102,
            "tp": 217
        }
    },
    "_1_1_": {
        "test_excluded": {
            "fn": 98,
            "fp": 61,
            "ground truth": 243,
            "precision": 0.7038834951456311,
            "predictions": 206,
            "recall": 0.5967078189300411,
            "test_set_size": 61,
            "tp": 145
        },
        "test_included": {
            "fn": 152,
            "fp": 102,
            "ground truth": 366,
            "precision": 0.6772151898734177,
            "predictions": 316,
            "recall": 0.5846994535519126,
            "test_set_size": 111,
            "tp": 214
        }
    },
    "_1_2_": {
        "test_excluded": {
            "fn": 125,
            "fp": 68,
            "ground truth": 153,
            "precision": 0.2916666666666667,
            "predictions": 96,
            "recall": 0.1830065359477124,
            "test_set_size": 41,
            "tp": 28
        },
        "test_included": {
            "fn": 183,
            "fp": 153,
            "ground truth": 456,
            "precision": 0.6408450704225352,
            "predictions": 426,
            "recall": 0.5986842105263158,
            "test_set_size": 131,
            "tp": 273
        }
    },
    "_2_0_": {
        "test_excluded": {
            "fn": 137,
            "fp": 58,
            "ground truth": 364,
            "precision": 0.7964912280701755,
            "predictions": 285,
            "recall": 0.6236263736263736,
            "test_set_size": 106,
            "tp": 227
        },
        "test_included": {
            "fn": 110,
            "fp": 52,
            "ground truth": 245,
            "precision": 0.7219251336898396,
            "predictions": 187,
            "recall": 0.5510204081632653,
            "test_set_size": 66,
            "tp": 135
        }
    },
    "_2_1_": {
        "test_excluded": {
            "fn": 77,
            "fp": 26,
            "ground truth": 125,
            "precision": 0.6486486486486487,
            "predictions": 74,
            "recall": 0.384,
            "test_set_size": 33,
            "tp": 48
        },
        "test_included": {
            "fn": 171,
            "fp": 81,
            "ground truth": 484,
            "precision": 0.7944162436548223,
            "predictions": 394,
            "recall": 0.6466942148760331,
            "test_set_size": 139,
            "tp": 313
        }
    },
    "_2_2_": {
        "test_excluded": {
            "fn": 82,
            "fp": 33,
            "ground truth": 120,
            "precision": 0.5352112676056338,
            "predictions": 71,
            "recall": 0.31666666666666665,
            "test_set_size": 33,
            "tp": 38
        },
        "test_included": {
            "fn": 179,
            "fp": 54,
            "ground truth": 489,
            "precision": 0.8516483516483516,
            "predictions": 364,
            "recall": 0.6339468302658486,
            "test_set_size": 139,
            "tp": 310
        }
    },
    "_3_0_": {
        "test_excluded": {
            "fn": 215,
            "fp": 106,
            "ground truth": 377,
            "precision": 0.6044776119402985,
            "predictions": 268,
            "recall": 0.4297082228116711,
            "test_set_size": 90,
            "tp": 162
        },
        "test_included": {
            "fn": 100,
            "fp": 81,
            "ground truth": 232,
            "precision": 0.6197183098591549,
            "predictions": 213,
            "recall": 0.5689655172413793,
            "test_set_size": 82,
            "tp": 132
        }
    },
    "_3_1_": {
        "test_excluded": {
            "fn": 25,
            "fp": 15,
            "ground truth": 82,
            "precision": 0.7916666666666666,
            "predictions": 72,
            "recall": 0.6951219512195121,
            "test_set_size": 32,
            "tp": 57
        },
        "test_included": {
            "fn": 246,
            "fp": 123,
            "ground truth": 527,
            "precision": 0.6955445544554455,
            "predictions": 404,
            "recall": 0.5332068311195446,
            "test_set_size": 140,
            "tp": 281
        }
    },
    "_3_2_": {
        "test_excluded": {
            "fn": 20,
            "fp": 3,
            "ground truth": 78,
            "precision": 0.9508196721311475,
            "predictions": 61,
            "recall": 0.7435897435897436,