{
    "split_id": "_4_9_",
    "test": {
        "Overall Performance": {
            "tp": 27,
            "fp": 8,
            "fn": 16,
            "predictions": 35,
            "ground truth": 43,
            "precision": 0.7714285714285715,
            "recall": 0.627906976744186
        },
        "Per Sample Performance": {
            "27_1040010038955600_tile_151": {
                "P": 0.6666666666666666,
                "R": 0.25
            },
            "27_1040010038955600_tile_118": {
                "P": 0.0,
                "R": 0.0
            },
            "3_104001000953A900_tile_116": {
                "P": 1.0,
                "R": 0.6666666666666666
            },
            "3_104001000953A900_tile_49": {
                "P": 0.9411764705882353,
                "R": 0.8
            },
            "3_104001000953A900_tile_44": {
                "P": 1.0,
                "R": 0.3333333333333333
            },
            "3_104001000953A900_tile_73": {
                "P": 0.8333333333333334,
                "R": 0.8333333333333334
            },
            "27_1040010038955600_tile_132": {
                "P": 0.0,
                "R": 0.0
            },
            "3_104001000953A900_tile_74": {
                "P": 0.5,
                "R": 1.0
            }
        }
    }
}