{
    "split_id": "_4_7_",
    "test": {
        "Overall Performance": {
            "tp": 371,
            "fp": 82,
            "fn": 238,
            "predictions": 453,
            "ground truth": 609,
            "precision": 0.8189845474613686,
            "recall": 0.6091954022988506
        }
    }
}