{
    "split_id": "_4_4_",
    "test": {
        "Overall Performance": {
            "tp": 401,
            "fp": 117,
            "fn": 208,
            "predictions": 518,
            "ground truth": 609,
            "precision": 0.7741312741312741,
            "recall": 0.6584564860426929
        }
    }
}