{
    "split_id": "_0_2_",
    "test": {
        "Overall Performance": {
            "tp": 34,
            "fp": 15,
            "fn": 20,
            "predictions": 49,
            "ground truth": 54,
            "precision": 0.6938775510204082,
            "recall": 0.6296296296296297
        },
        "Per Sample Performance": {
            "113_10400100413CDF00_tile_66": {
                "P": 1.0,
                "R": 1.0
            },
            "23_104001001E51BE00_tile_1582": {
                "P": 0.0,
                "R": 0.0
            },
            "113_10400100413CDF00_tile_94": {
                "P": 1.0,
                "R": 0.3333333333333333
            },
            "23_104001001E51BE00_tile_2283": {
                "P": 0.0,
                "R": 0.0
            },
            "106_10400100413CDF00_tile_60": {
                "P": 1.0,
                "R": 1.0
            },
            "23_104001001E51BE00_tile_2481": {
                "P": 1.0,
                "R": 1.0
            },
            "23_104001001E51BE00_tile_1966": {
                "P": 1.0,
                "R": 1.0
            },
            "23_104001001E51BE00_tile_1960": {
                "P": 1.0,
                "R": 1.0
            },
            "23_104001001E51BE00_tile_2160": {
                "P": 0.0,
                "R": 0.0
            },
            "26_104001002E574100_tile_1731": {
                "P": 0.0,
                "R": 0.0
            },
            "26_104001002E574100_tile_2042": {
                "P": 1.0,
                "R": 1.0
            },
            "23_104001001E51BE00_tile_1134": {
                "P": 0.0,
                "R": 0.0
            },
            "26_104001002E574100_tile_1698": {
                "P": 0.5,
                "R": 1.0
            },
            "26_104001002E574100_tile_1819": {
                "P": 0.0,
                "R": 0.0
            },
            "26_104001002E574100_tile_2000": {
                "P": 0.0,
                "R": 0.0
            },
            "113_10400100413CDF00_tile_167": {
                "P": 1.0,
                "R": 1.0
            },
            "23_104001001E51BE00_tile_1198": {
                "P": 1.0,
                "R": 1.0
            },
            "26_104001002E574100_tile_2066": {
                "P": 0.0,
                "R": 0.0
            },
            "26_104001002E574100_tile_2083": {
                "P": 0.0,
                "R": 0.0
            },
            "26_104001002E574100_tile_1898": {
                "P": 0.0,
                "R": 0.0
            },
            "113_10400100413CDF00_tile_53": {
                "P": 1.0,
                "R": 0.5
            },
            "113_10400100413CDF00_tile_54": {
                "P": 0.8888888888888888,
                "R": 0.7272727272727273
            },
            "113_10400100413CDF00_tile_55": {
                "P": 1.0,
                "R": 0.5
            },
            "113_10400100413CDF00_tile_40": {
                "P": 1.0,
                "R": 1.0
            }
        }
    }
}