{
    "split_id": "_4_3_",
    "test": {
        "Overall Performance": {
            "tp": 293,
            "fp": 118,
            "fn": 316,
            "predictions": 411,
            "ground truth": 609,
            "precision": 0.7128953771289538,
            "recall": 0.48111658456486045
        }
    }
}