{
    "split_id": "_4_2_",
    "test": {
        "Overall Performance": {
            "tp": 372,
            "fp": 82,
            "fn": 237,
            "predictions": 454,
            "ground truth": 609,
            "precision": 0.8193832599118943,
            "recall": 0.6108374384236454
        }
    }
}