{
    "split_id": "_1_2_",
    "test": {
        "Overall Performance": {
            "tp": 28,
            "fp": 68,
            "fn": 125,
            "predictions": 96,
            "ground truth": 153,
            "precision": 0.2916666666666667,
            "recall": 0.1830065359477124
        },
        "Per Sample Performance": {
            "59_104001002E3F7500_tile_494": {
                "P": 1.0,
                "R": 1.0
            },
            "55_1040010049CD5600_tile_577": {
                "P": 0.3333333333333333,
                "R": 0.5
            },
            "96_10400100096C2500_tile_1161": {
                "P": 0.0,
                "R": 0.0
            },
            "55_1040010049CD5600_tile_616": {
                "P": 0.25,
                "R": 1.0
            },
            "55_1040010049CD5600_tile_309": {
                "P": 0.0,
                "R": 0.0
            },
            "55_1040010049CD5600_tile_539": {
                "P": 0.0,
                "R": 0.0
            },
            "96_104001003C8C7800_tile_1189": {
                "P": 0.0,
                "R": 0.0
            },
            "59_104001002E3F7500_tile_732": {
                "P": 1.0,
                "R": 1.0
            },
            "96_10400100096C2500_tile_1404": {
                "P": 0,
                "R": 0.0
            },
            "96_104001003C8C7800_tile_993": {
                "P": 0,
                "R": 0.0
            },
            "88_104001004B1A3D00_tile_235": {
                "P": 1.0,
                "R": 1.0
            },
            "96_104001003C8C7800_tile_882": {
                "P": 0.6666666666666666,
                "R": 0.2
            },
            "96_104001003C8C7800_tile_1349": {
                "P": 1.0,
                "R": 0.5
            },
            "96_10400100096C2500_tile_1379": {
                "P": 0.0,
                "R": 0.0
            },
            "88_104001004B1A3D00_tile_246": {
                "P": 1.0,
                "R": 0.16666666666666666
            },
            "96_10400100096C2500_tile_914": {
                "P": 0.0,
                "R": 0.0
            },
            "55_1040010049CD5600_tile_437": {
                "P": 1.0,
                "R": 1.0
            },
            "96_10400100096C2500_tile_1075": {
                "P": 0.0,
                "R": 0.0
            },
            "96_104001003C8C7800_tile_1104": {
                "P": 0,
                "R": 0.0
            },
            "96_10400100096C2500_tile_992": {
                "P": 0.0,
                "R": 0.0
            },
            "96_10400100096C2500_tile_967": {
                "P": 0,
                "R": 0.0
            },
            "96_10400100096C2500_tile_996": {
                "P": 0.3333333333333333,
                "R": 0.0625
            },
            "96_10400100096C2500_tile_1107": {
                "P": 0.0,
                "R": 0.0
            },
            "55_1040010049CD5600_tile_272": {
                "P": 0.125,
                "R": 0.08333333333333333
            },
            "96_10400100096C2500_tile_1157": {
                "P": 0.07692307692307693,
                "R": 0.25
            },
            "55_1040010049CD5600_tile_310": {
                "P": 0.0,
                "R": 0.0
            },
            "88_104001004B1A3D00_tile_236": {
                "P": 1.0,
                "R": 0.2
            },
            "88_104001004B1A3D00_tile_208": {
                "P": 0.0,
                "R": 0.0
            },
            "55_1040010049CD5600_tile_661": {
                "P": 0.0,
                "R": 0.0
            },
            "55_1040010049CD5600_tile_663": {
                "P": 0.6666666666666666,
                "R": 0.25
            },
            "59_104001002E3F7500_tile_926": {
                "P": 0.4,
                "R": 0.6666666666666666
            },
            "59_104001002E3F7500_tile_1563": {
                "P": 0.75,
                "R": 0.6
            },
            "59_104001002E3F7500_tile_1239": {
                "P": 0.0,
                "R": 0.0
            },
            "59_104001002E3F7500_tile_783": {
                "P": 0,
                "R": 0.0
            },
            "59_104001002E3F7500_tile_1610": {
                "P": 1.0,
                "R": 1.0
            },
            "88_104001004B1A3D00_tile_179": {
                "P": 0,
                "R": 0.0
            },
            "88_104001004B1A3D00_tile_170": {
                "P": 1.0,
                "R": 0.1111111111111111
            },
            "88_104001004B1A3D00_tile_169": {
                "P": 0,
                "R": 0.0
            },
            "88_104001004B1A3D00_tile_323": {
                "P": 0.0,
                "R": 0.0
            },
            "59_104001002E3F7500_tile_930": {
                "P": 0,
                "R": 0.0
            },
            "59_104001002E3F7500_tile_977": {
                "P": 0.0,
                "R": 0.0
            }
        }
    }
}