{
    "split_id": "_1_0_",
    "test": {
        "Overall Performance": {
            "tp": 141,
            "fp": 24,
            "fn": 72,
            "predictions": 165,
            "ground truth": 213,
            "precision": 0.8545454545454545,
            "recall": 0.6619718309859155
        },
        "Per Sample Performance": {
            "103_104001004890F500_tile_164": {
                "P": 1.0,
                "R": 0.2
            },
            "88_1040010044AC1100_tile_342": {
                "P": 1.0,
                "R": 1.0
            },
            "23_104001001E51BE00_tile_1582": {
                "P": 1.0,
                "R": 1.0
            },
            "88_1040010044AC1100_tile_435": {
                "P": 1.0,
                "R": 0.5
            },
            "23_104001001E51BE00_tile_2283": {
                "P": 0.0,
                "R": 0.0
            },
            "23_104001001E51BE00_tile_2481": {
                "P": 1.0,
                "R": 1.0
            },
            "23_104001001E51BE00_tile_1966": {
                "P": 0.5,
                "R": 1.0
            },
            "88_1040010044AC1100_tile_262": {
                "P": 1.0,
                "R": 1.0
            },
            "98_104001000B9F7B00_tile_264": {
                "P": 1.0,
                "R": 1.0
            },
            "103_104001004890F500_tile_139": {
                "P": 1.0,
                "R": 0.6
            },
            "98_104001000B9F7B00_tile_169": {
                "P": 1.0,
                "R": 1.0
            },
            "23_104001001E51BE00_tile_1960": {
                "P": 1.0,
                "R": 1.0
            },
            "23_104001001E51BE00_tile_2160": {
                "P": 0.0,
                "R": 0.0
            },
            "88_1040010044AC1100_tile_380": {
                "P": 1.0,
                "R": 1.0
            },
            "26_104001002E574100_tile_1731": {
                "P": 0.5,
                "R": 1.0
            },
            "127_104001002B3BB400_tile_473": {
                "P": 0,
                "R": 0.0
            },
            "27_1040010038955600_tile_151": {
                "P": 0.6666666666666666,
                "R": 0.25
            },
            "26_104001002E574100_tile_2042": {
                "P": 1.0,
                "R": 1.0
            },
            "85_104001003A13C600_tile_28": {
                "P": 1.0,
                "R": 0.8
            },
            "127_104001002B3BB400_tile_716": {
                "P": 1.0,
                "R": 0.5
            },
            "23_104001001E51BE00_tile_1134": {
                "P": 0.0,
                "R": 0.0
            },
            "26_104001002E574100_tile_1698": {
                "P": 0.0,
                "R": 0.0
            },
            "26_104001002E574100_tile_1819": {
                "P": 0.0,
                "R": 0.0
            },
            "26_104001002E574100_tile_2000": {
                "P": 0.0,
                "R": 0.0
            },
            "111_1040010028163500_tile_454": {
                "P": 1.0,
                "R": 0.7333333333333333
            },
            "23_104001001E51BE00_tile_1198": {
                "P": 1.0,
                "R": 1.0
            },
            "26_104001002E574100_tile_2066": {
                "P": 0.5,
                "R": 0.5
            },
            "98_104001000B9F7B00_tile_108": {
                "P": 0.8,
                "R": 0.8
            },
            "26_104001002E574100_tile_2083": {
                "P": 0.0,
                "R": 0.0
            },
            "26_104001002E574100_tile_1898": {
                "P": 1.0,
                "R": 1.0
            },
            "88_1040010044AC1100_tile_319": {
                "P": 1.0,
                "R": 0.8333333333333334
            },
            "103_104001004890F500_tile_161": {
                "P": 0.0,
                "R": 0.0
            },
            "127_104001002B3BB400_tile_471": {
                "P": 0.0,
                "R": 0.0
            },
            "85_104001003A13C600_tile_29": {
                "P": 1.0,
                "R": 1.0
            },
            "127_104001002B3BB400_tile_711": {
                "P": 0,
                "R": 0.0
            },
            "88_1040010044AC1100_tile_227": {
                "P": 1.0,
                "R": 0.6
            },
            "98_104001000B9F7B00_tile_130": {
                "P": 0,
                "R": 0.0
            },
            "127_104001002B3BB400_tile_801": {
                "P": 0.5,
                "R": 0.5
            },
            "127_104001002B3BB400_tile_309": {
                "P": 1.0,
                "R": 1.0
            },
            "88_1040010044AC1100_tile_250": {
                "P": 1.0,
                "R": 1.0
            },
            "88_1040010044AC1100_tile_240": {
                "P": 0.0,
                "R": 0.0
            },
            "127_104001002B3BB400_tile_443": {
                "P": 0.6666666666666666,
                "R": 0.6666666666666666
            },
            "88_1040010044AC1100_tile_318": {
                "P": 1.0,
                "R": 0.8
            },
            "98_104001000B9F7B00_tile_166": {
                "P": 1.0,
                "R": 1.0
            },
            "88_1040010044AC1100_tile_446": {
                "P": 0,
                "R": 0.0
            },
            "103_104001004890F500_tile_163": {
                "P": 1.0,
                "R": 1.0
            },
            "127_104001002B3BB400_tile_603": {
                "P": 1.0,
                "R": 0.3333333333333333
            },
            "27_1040010038955600_tile_118": {
                "P": 0,
                "R": 0.0
            },
            "98_104001000B9F7B00_tile_301": {
                "P": 1.0,
                "R": 1.0
            },
            "103_104001004890F500_tile_140": {
                "P": 1.0,
                "R": 0.25
            },
            "88_1040010044AC1100_tile_330": {
                "P": 1.0,
                "R": 0.7
            },
            "103_104001004890F500_tile_162": {
                "P": 1.0,
                "R": 0.5
            },
            "103_104001004890F500_tile_138": {
                "P": 0,
                "R": 0.0
            },
            "88_1040010044AC1100_tile_239": {
                "P": 1.0,
                "R": 0.75
            },
            "88_1040010044AC1100_tile_307": {
                "P": 1.0,
                "R": 1.0
            },
            "88_1040010040D29200_tile_403": {
                "P": 1.0,
                "R": 1.0
            },
            "88_1040010044AC1100_tile_228": {
                "P": 1.0,
                "R": 0.5
            },
            "3_104001000953A900_tile_116": {
                "P": 1.0,
                "R": 1.0
            },
            "3_104001000953A900_tile_49": {
                "P": 0.9473684210526315,
                "R": 0.9
            },
            "3_104001000953A900_tile_44": {
                "P": 0.5,
                "R": 0.6666666666666666
            },
            "88_1040010044AC1100_tile_331": {
                "P": 1.0,
                "R": 0.8571428571428571
            },
            "3_104001000953A900_tile_73": {
                "P": 1.0,
                "R": 1.0
            },
            "88_1040010044AC1100_tile_434": {
                "P": 1.0,
                "R": 1.0
            },
            "27_1040010038955600_tile_132": {
                "P": 0.0,
                "R": 0.0
            },
            "88_1040010044AC1100_tile_274": {
                "P": 0,
                "R": 0.0
            },
            "103_104001004890F500_tile_249": {
                "P": 1.0,
                "R": 1.0
            },
            "88_1040010044AC1100_tile_379": {
                "P": 1.0,
                "R": 1.0
            },