{
    "split_id": "_2_1_",
    "test": {
        "Overall Performance": {
            "tp": 48,
            "fp": 26,
            "fn": 77,
            "predictions": 74,
            "ground truth": 125,
            "precision": 0.6486486486486487,
            "recall": 0.384
        },
        "Per Sample Performance": {
            "88_104001002B095600_tile_208": {
                "P": 0.0,
                "R": 0.0
            },
            "88_104001004B1A3D00_tile_235": {
                "P": 1.0,
                "R": 1.0
            },
            "87_104001003E94D300_tile_22": {
                "P": 1.0,
                "R": 0.875
            },
            "88_104001004B1A3D00_tile_246": {
                "P": 1.0,
                "R": 0.16666666666666666
            },
            "88_104001002B095600_tile_270": {
                "P": 0.5,
                "R": 0.2
            },
            "88_104001004B1A3D00_tile_236": {
                "P": 1.0,
                "R": 0.2
            },
            "88_104001004B1A3D00_tile_208": {
                "P": 1.0,
                "R": 1.0
            },
            "88_104001002B095600_tile_271": {
                "P": 0,
                "R": 0.0
            },
            "88_104001002B095600_tile_197": {
                "P": 0.0,
                "R": 0.0
            },
            "88_104001002B095600_tile_207": {
                "P": 0.0,
                "R": 0.0
            },
            "87_104001002B095600_tile_37": {
                "P": 0.5,
                "R": 0.2
            },
            "87_104001003E94D300_tile_30": {
                "P": 1.0,
                "R": 0.3333333333333333
            },
            "87_104001002B095600_tile_14": {
                "P": 0.6666666666666666,
                "R": 0.6666666666666666
            },
            "87_104001002B095600_tile_36": {
                "P": 1.0,
                "R": 1.0
            },
            "88_104001002B095600_tile_186": {
                "P": 0.0,
                "R": 0.0
            },
            "87_104001002B095600_tile_21": {
                "P": 1.0,
                "R": 0.5
            },
            "87_104001003E94D300_tile_37": {
                "P": 1.0,
                "R": 0.5
            },
            "87_104001003E94D300_tile_29": {
                "P": 1.0,
                "R": 0.6666666666666666
            },
            "87_104001003E94D300_tile_14": {
                "P": 1.0,
                "R": 1.0
            },
            "87_104001002B095600_tile_29": {
                "P": 0.6666666666666666,
                "R": 0.5
            },
            "88_104001002B095600_tile_260": {
                "P": 0.0,
                "R": 0.0
            },
            "88_104001004B1A3D00_tile_179": {
                "P": 1.0,
                "R": 0.25
            },
            "88_104001004B1A3D00_tile_170": {
                "P": 1.0,
                "R": 0.2222222222222222
            },
            "87_104001002B095600_tile_30": {
                "P": 0.3333333333333333,
                "R": 0.25
            },
            "88_104001002B095600_tile_259": {
                "P": 0.6666666666666666,
                "R": 0.4
            },
            "87_104001003E94D300_tile_21": {
                "P": 1.0,
                "R": 1.0
            },
            "88_104001004B1A3D00_tile_169": {
                "P": 1.0,
                "R": 1.0
            },
            "88_104001004B1A3D00_tile_323": {
                "P": 0,
                "R": 0.0
            },
            "87_104001003E94D300_tile_36": {
                "P": 1.0,
                "R": 0.5
            },
            "88_104001002B095600_tile_281": {
                "P": 0.5,
                "R": 0.25
            },
            "88_104001002B095600_tile_280": {
                "P": 1.0,
                "R": 1.0
            },
            "88_104001002B095600_tile_337": {
                "P": 0,
                "R": 0.0
            },
            "87_104001002B095600_tile_22": {
                "P": 0.42857142857142855,
                "R": 0.42857142857142855
            }
        }
    }
}