{
    "split_id": "_5_1_",
    "test": {
        "Overall Performance": {
            "tp": 78,
            "fp": 26,
            "fn": 37,
            "predictions": 104,
            "ground truth": 115,
            "precision": 0.75,
            "recall": 0.6782608695652174
        },
        "Per Sample Performance": {
            "87_10400100480E4300_tile_37": {
                "P": 0.0,
                "R": 0.0
            },
            "106_10400100413CDF00_tile_60": {
                "P": 1.0,
                "R": 0.75
            },
            "88_104001002B095600_tile_208": {
                "P": 0.0,
                "R": 0.0
            },
            "88_1040010044AC1100_tile_262": {
                "P": 0.0,
                "R": 0.0
            },
            "103_104001004890F500_tile_139": {
                "P": 1.0,
                "R": 0.8
            },
            "46_10400100198A4C00_tile_125": {
                "P": 1.0,
                "R": 1.0
            },
            "88_10400100480E4300_tile_295": {
                "P": 1.0,
                "R": 1.0
            },
            "88_1040010044AC1100_tile_380": {
                "P": 1.0,
                "R": 1.0
            },
            "27_1040010038955600_tile_151": {
                "P": 1.0,
                "R": 0.625
            },
            "46_10400100198A4C00_tile_106": {
                "P": 1.0,
                "R": 1.0
            },
            "88_104001004B1A3D00_tile_246": {
                "P": 1.0,
                "R": 0.16666666666666666
            },
            "103_104001004890F500_tile_161": {
                "P": 0.0,
                "R": 0.0
            },
            "88_10400100480E4300_tile_238": {
                "P": 0.0,
                "R": 0.0
            },
            "88_104001002B095600_tile_197": {
                "P": 0.0,
                "R": 0.0
            },
            "88_104001002B095600_tile_207": {
                "P": 0,
                "R": 0.0
            },
            "87_10400100480E4300_tile_15": {
                "P": 1.0,
                "R": 0.5
            },
            "87_104001002B095600_tile_14": {
                "P": 1.0,
                "R": 1.0
            },
            "88_1040010044AC1100_tile_318": {
                "P": 1.0,
                "R": 1.0
            },
            "88_1040010044AC1100_tile_446": {
                "P": 0.0,
                "R": 0.0
            },
            "87_104001002B095600_tile_21": {
                "P": 1.0,
                "R": 0.5
            },
            "88_1040010044AC1100_tile_330": {
                "P": 1.0,
                "R": 0.9
            },
            "88_104001002B095600_tile_260": {
                "P": 0.16666666666666666,
                "R": 1.0
            },
            "88_10400100480E4300_tile_307": {
                "P": 1.0,
                "R": 1.0
            },
            "87_104001003E94D300_tile_21": {
                "P": 1.0,
                "R": 1.0
            },
            "88_1040010040D29200_tile_403": {
                "P": 1.0,
                "R": 1.0
            },
            "88_1040010044AC1100_tile_228": {
                "P": 1.0,
                "R": 0.5
            },
            "87_10400100480E4300_tile_38": {
                "P": 0.2,
                "R": 1.0
            },
            "46_10400100198A4C00_tile_116": {
                "P": 1.0,
                "R": 0.9047619047619048
            },
            "88_1040010044AC1100_tile_274": {
                "P": 0.0,
                "R": 0.0
            },
            "88_104001002B095600_tile_280": {
                "P": 1.0,
                "R": 1.0
            },
            "88_1040010044AC1100_tile_379": {
                "P": 1.0,
                "R": 1.0
            },
            "88_1040010044AC1100_tile_343": {
                "P": 1.0,
                "R": 1.0
            },
            "87_104001002B095600_tile_22": {
                "P": 1.0,
                "R": 1.0
            }
        }
    }
}