{
    "split_id": "_4_11_",
    "test": {
        "Overall Performance": {
            "tp": 128,
            "fp": 63,
            "fn": 132,
            "predictions": 191,
            "ground truth": 260,
            "precision": 0.6701570680628273,
            "recall": 0.49230769230769234
        },
        "Per Sample Performance": {
            "87_10400100480E4300_tile_37": {
                "P": 0.6666666666666666,
                "R": 0.5
            },
            "88_10400100480E4300_tile_227": {
                "P": 0.0,
                "R": 0.0
            },
            "88_10400100480E4300_tile_318": {
                "P": 0.0,
                "R": 0.0
            },
            "88_1040010044AC1100_tile_342": {
                "P": 1.0,
                "R": 1.0
            },
            "88_1040010044AC1100_tile_435": {
                "P": 1.0,
                "R": 0.5
            },
            "88_1040010043467100_tile_411": {
                "P": 0.0,
                "R": 0.0
            },
            "88_104001002B095600_tile_208": {
                "P": 0.2,
                "R": 0.3333333333333333
            },
            "88_1040010044AC1100_tile_262": {
                "P": 0.3333333333333333,
                "R": 1.0
            },
            "88_10400100480E4300_tile_295": {
                "P": 1.0,
                "R": 1.0
            },
            "88_10400100480E4300_tile_306": {
                "P": 0.3333333333333333,
                "R": 0.3333333333333333
            },
            "88_1040010044AC1100_tile_380": {
                "P": 1.0,
                "R": 1.0
            },
            "88_104001004B1A3D00_tile_235": {
                "P": 0.5,
                "R": 1.0
            },
            "87_104001003E94D300_tile_22": {
                "P": 1.0,
                "R": 0.75
            },
            "88_104001004B1A3D00_tile_246": {
                "P": 1.0,
                "R": 0.16666666666666666
            },
            "88_104001002B095600_tile_270": {
                "P": 0.625,
                "R": 0.5
            },
            "87_1040010043467100_tile_23": {
                "P": 1.0,
                "R": 0.75
            },
            "88_1040010044AC1100_tile_319": {
                "P": 1.0,
                "R": 0.6666666666666666
            },
            "88_104001004B1A3D00_tile_236": {
                "P": 1.0,
                "R": 0.3
            },
            "88_104001004B1A3D00_tile_208": {
                "P": 1.0,
                "R": 1.0
            },
            "88_10400100480E4300_tile_238": {
                "P": 0.0,
                "R": 0.0
            },
            "88_104001002B095600_tile_271": {
                "P": 0.0,
                "R": 0.0
            },
            "88_104001002B095600_tile_197": {
                "P": 0.0,
                "R": 0.0
            },
            "88_104001002B095600_tile_207": {
                "P": 1.0,
                "R": 1.0
            },
            "87_104001002B095600_tile_37": {
                "P": 1.0,
                "R": 0.6
            },
            "88_1040010044AC1100_tile_227": {
                "P": 0.5,
                "R": 0.4
            },
            "87_10400100480E4300_tile_30": {
                "P": 1.0,
                "R": 0.125
            },
            "88_10400100480E4300_tile_331": {
                "P": 0.0,
                "R": 0.0
            },
            "88_1040010044AC1100_tile_250": {
                "P": 1.0,
                "R": 1.0
            },
            "87_104001003E94D300_tile_30": {
                "P": 1.0,
                "R": 0.3333333333333333
            },
            "87_10400100480E4300_tile_23": {
                "P": 0.0,
                "R": 0.0
            },
            "87_10400100480E4300_tile_15": {
                "P": 0.5,
                "R": 0.5
            },
            "88_1040010044AC1100_tile_240": {
                "P": 1.0,
                "R": 1.0
            },
            "87_104001002B095600_tile_14": {
                "P": 1.0,
                "R": 1.0
            },
            "87_104001002B095600_tile_36": {
                "P": 1.0,
                "R": 1.0
            },
            "88_1040010044AC1100_tile_318": {
                "P": 1.0,
                "R": 1.0
            },
            "88_1040010044AC1100_tile_446": {
                "P": 0,
                "R": 0.0
            },
            "88_104001002B095600_tile_186": {
                "P": 0.0,
                "R": 0.0
            },
            "87_104001002B095600_tile_21": {
                "P": 1.0,
                "R": 0.5
            },
            "87_104001003E94D300_tile_37": {
                "P": 1.0,
                "R": 1.0
            },
            "88_1040010044AC1100_tile_330": {
                "P": 1.0,
                "R": 0.8
            },
            "88_1040010043467100_tile_239": {
                "P": 1.0,
                "R": 0.75
            },
            "87_104001003E94D300_tile_29": {
                "P": 1.0,
                "R": 0.6666666666666666
            },
            "87_104001003E94D300_tile_14": {
                "P": 1.0,
                "R": 0.75
            },
            "87_10400100480E4300_tile_29": {
                "P": 0.0,
                "R": 0.0
            },
            "87_104001002B095600_tile_29": {
                "P": 0.6666666666666666,
                "R": 0.5
            },
            "88_1040010043467100_tile_330": {
                "P": 1.0,
                "R": 1.0
            },
            "87_1040010043467100_tile_29": {
                "P": 1.0,
                "R": 0.5
            },
            "88_104001002B095600_tile_260": {
                "P": 1.0,
                "R": 1.0
            },
            "88_104001004B1A3D00_tile_179": {
                "P": 0.0,
                "R": 0.0
            },
            "88_104001004B1A3D00_tile_170": {
                "P": 1.0,
                "R": 0.2222222222222222
            },
            "87_104001002B095600_tile_30": {
                "P": 0.3333333333333333,
                "R": 0.25
            },
            "88_104001002B095600_tile_259": {
                "P": 1.0,
                "R": 0.2
            },
            "88_10400100480E4300_tile_307": {
                "P": 1.0,
                "R": 0.6
            },
            "87_104001003E94D300_tile_21": {
                "P": 1.0,
                "R": 1.0
            },
            "88_1040010044AC1100_tile_239": {
                "P": 0.8333333333333334,
                "R": 0.625
            },
            "88_104001004B1A3D00_tile_169": {
                "P": 0,
                "R": 0.0
            },
            "88_1040010044AC1100_tile_307": {
                "P": 1.0,
                "R": 1.0
            },
            "88_1040010040D29200_tile_403": {
                "P": 1.0,
                "R": 1.0
            },
            "88_1040010044AC1100_tile_228": {
                "P": 1.0,
                "R": 0.5
            },
            "88_104001004B1A3D00_tile_323": {
                "P": 0.0,
                "R": 0.0
            },
            "87_10400100480E4300_tile_38": {
                "P": 0,
                "R": 0.0
            },
            "87_104001003E94D300_tile_36": {
                "P": 1.0,
                "R": 0.5
            },
            "88_1040010044AC1100_tile_331": {
                "P": 1.0,
                "R": 0.8571428571428571
            },
            "88_1040010044AC1100_tile_434": {
                "P": 1.0,
                "R": 1.0
            },
            "88_10400100480E4300_tile_330": {
                "P": 0.0,
                "R": 0.0
            },
            "88_104001002B095600_tile_281": {
                "P": 0.5,
                "R": 0.25
            },