{
    "split_id": "_3_1_",
    "test": {
        "Overall Performance": {
            "tp": 338,
            "fp": 138,
            "fn": 271,
            "predictions": 476,
            "ground truth": 609,
            "precision": 0.7100840336134454,
            "recall": 0.555008210180624
        }
    }
}