{
    "split_id": "_2_0_",
    "test": {
        "Overall Performance": {
            "tp": 135,
            "fp": 52,
            "fn": 110,
            "predictions": 187,
            "ground truth": 245,
            "precision": 0.7219251336898396,
            "recall": 0.5510204081632653
        },
        "Per Sample Performance": {
            "59_104001002E3F7500_tile_494": {
                "P": 1.0,
                "R": 1.0
            },
            "55_1040010049CD5600_tile_577": {
                "P": 0.0,
                "R": 0.0
            },
            "96_10400100096C2500_tile_1161": {
                "P": 0.0,
                "R": 0.0
            },
            "55_1040010049CD5600_tile_616": {
                "P": 1.0,
                "R": 1.0
            },
            "55_1040010049CD5600_tile_309": {
                "P": 1.0,
                "R": 1.0
            },
            "88_104001002B095600_tile_208": {
                "P": 0.0,
                "R": 0.0
            },
            "55_1040010049CD5600_tile_539": {
                "P": 1.0,
                "R": 1.0
            },
            "96_104001003C8C7800_tile_1189": {
                "P": 1.0,
                "R": 1.0
            },
            "59_104001002E3F7500_tile_732": {
                "P": 1.0,
                "R": 1.0
            },
            "96_10400100096C2500_tile_1404": {
                "P": 1.0,
                "R": 1.0
            },
            "96_104001003C8C7800_tile_993": {
                "P": 0,
                "R": 0.0
            },
            "88_104001004B1A3D00_tile_235": {
                "P": 0.5,
                "R": 1.0
            },
            "96_104001003C8C7800_tile_882": {
                "P": 1.0,
                "R": 0.2
            },
            "87_104001003E94D300_tile_22": {
                "P": 1.0,
                "R": 0.75
            },
            "96_104001003C8C7800_tile_1349": {
                "P": 0.5,
                "R": 0.5
            },
            "96_10400100096C2500_tile_1379": {
                "P": 0.3333333333333333,
                "R": 1.0
            },
            "88_104001004B1A3D00_tile_246": {
                "P": 1.0,
                "R": 0.16666666666666666
            },
            "96_10400100096C2500_tile_914": {
                "P": 0.5,
                "R": 1.0
            },
            "55_1040010049CD5600_tile_437": {
                "P": 1.0,
                "R": 0.75
            },
            "96_10400100096C2500_tile_1075": {
                "P": 0.0,
                "R": 0.0
            },
            "96_104001003C8C7800_tile_1104": {
                "P": 1.0,
                "R": 0.5
            },
            "96_10400100096C2500_tile_992": {
                "P": 0.3333333333333333,
                "R": 0.6666666666666666
            },
            "96_10400100096C2500_tile_967": {
                "P": 0.5,
                "R": 0.4
            },
            "88_104001002B095600_tile_270": {
                "P": 0.7,
                "R": 0.7
            },
            "96_10400100096C2500_tile_996": {
                "P": 1.0,
                "R": 0.4375
            },
            "96_10400100096C2500_tile_1107": {
                "P": 0,
                "R": 0.0
            },
            "55_1040010049CD5600_tile_272": {
                "P": 1.0,
                "R": 0.6666666666666666
            },
            "96_10400100096C2500_tile_1157": {
                "P": 0.6666666666666666,
                "R": 0.5
            },
            "55_1040010049CD5600_tile_310": {
                "P": 1.0,
                "R": 1.0
            },
            "88_104001004B1A3D00_tile_236": {
                "P": 1.0,
                "R": 0.4
            },
            "88_104001004B1A3D00_tile_208": {
                "P": 0.5,
                "R": 1.0
            },
            "55_1040010049CD5600_tile_661": {
                "P": 1.0,
                "R": 0.6666666666666666
            },
            "55_1040010049CD5600_tile_663": {
                "P": 1.0,
                "R": 0.875
            },
            "88_104001002B095600_tile_271": {
                "P": 0.0,
                "R": 0.0
            },
            "88_104001002B095600_tile_197": {
                "P": 0.0,
                "R": 0.0
            },
            "59_104001002E3F7500_tile_926": {
                "P": 1.0,
                "R": 0.6666666666666666
            },
            "88_104001002B095600_tile_207": {
                "P": 0.0,
                "R": 0.0
            },
            "87_104001002B095600_tile_37": {
                "P": 1.0,
                "R": 0.8
            },
            "87_104001003E94D300_tile_30": {
                "P": 1.0,
                "R": 0.3333333333333333
            },
            "87_104001002B095600_tile_14": {
                "P": 1.0,
                "R": 1.0
            },
            "87_104001002B095600_tile_36": {
                "P": 1.0,
                "R": 0.6666666666666666
            },
            "88_104001002B095600_tile_186": {
                "P": 0.0,
                "R": 0.0
            },
            "87_104001002B095600_tile_21": {
                "P": 1.0,
                "R": 0.5
            },
            "87_104001003E94D300_tile_37": {
                "P": 1.0,
                "R": 1.0
            },
            "59_104001002E3F7500_tile_1563": {
                "P": 1.0,
                "R": 1.0
            },
            "59_104001002E3F7500_tile_1239": {
                "P": 0.0,
                "R": 0.0
            },
            "87_104001003E94D300_tile_29": {
                "P": 1.0,
                "R": 0.6666666666666666
            },
            "87_104001003E94D300_tile_14": {
                "P": 1.0,
                "R": 0.75
            },
            "87_104001002B095600_tile_29": {
                "P": 1.0,
                "R": 0.75
            },
            "59_104001002E3F7500_tile_783": {
                "P": 0,
                "R": 0.0
            },
            "59_104001002E3F7500_tile_1610": {
                "P": 1.0,
                "R": 1.0
            },
            "88_104001002B095600_tile_260": {
                "P": 0.0,
                "R": 0.0
            },
            "88_104001004B1A3D00_tile_179": {
                "P": 1.0,
                "R": 0.5
            },
            "88_104001004B1A3D00_tile_170": {
                "P": 0.6666666666666666,
                "R": 0.2222222222222222
            },
            "87_104001002B095600_tile_30": {
                "P": 1.0,
                "R": 1.0
            },
            "88_104001002B095600_tile_259": {
                "P": 1.0,
                "R": 0.2
            },
            "87_104001003E94D300_tile_21": {
                "P": 1.0,
                "R": 1.0
            },
            "88_104001004B1A3D00_tile_169": {
                "P": 1.0,
                "R": 1.0
            },
            "88_104001004B1A3D00_tile_323": {
                "P": 0,
                "R": 0.0
            },
            "59_104001002E3F7500_tile_930": {
                "P": 1.0,
                "R": 1.0
            },
            "87_104001003E94D300_tile_36": {
                "P": 1.0,
                "R": 0.5
            },
            "59_104001002E3F7500_tile_977": {
                "P": 1.0,
                "R": 1.0
            },
            "88_104001002B095600_tile_281": {
                "P": 0.0,
                "R": 0.0
            },
            "88_104001002B095600_tile_280": {
                "P": 1.0,
                "R": 1.0
            },
            "88_104001002B095600_tile_337": {
                "P": 0,
                "R": 0.0
            },
            "87_104001002B095600_tile_22": {
                "P": 1.0,
                "R": 1.0
            }
        }
    }
}