{
    "split_id": "_5_0_",
    "test": {
        "Overall Performance": {
            "tp": 79,
            "fp": 11,
            "fn": 34,
            "predictions": 90,
            "ground truth": 113,
            "precision": 0.8777777777777778,
            "recall": 0.6991150442477876
        },
        "Per Sample Performance": {
            "103_104001004890F500_tile_164": {
                "P": 0.0,
                "R": 0.0
            },
            "88_10400100480E4300_tile_227": {
                "P": 0.0,
                "R": 0.0
            },
            "113_10400100413CDF00_tile_66": {
                "P": 1.0,
                "R": 1.0
            },
            "88_1040010044AC1100_tile_435": {
                "P": 1.0,
                "R": 1.0
            },
            "113_10400100413CDF00_tile_94": {
                "P": 1.0,
                "R": 0.6666666666666666
            },
            "88_10400100480E4300_tile_306": {
                "P": 1.0,
                "R": 1.0
            },
            "88_104001004B1A3D00_tile_235": {
                "P": 0.5,
                "R": 1.0
            },
            "87_104001003E94D300_tile_22": {
                "P": 1.0,
                "R": 1.0
            },
            "113_10400100413CDF00_tile_167": {
                "P": 1.0,
                "R": 1.0
            },
            "46_10400100198A4C00_tile_96": {
                "P": 0.5,
                "R": 0.3333333333333333
            },
            "88_104001002B095600_tile_270": {
                "P": 0.8888888888888888,
                "R": 0.8
            },
            "88_1040010044AC1100_tile_319": {
                "P": 1.0,
                "R": 0.8333333333333334
            },
            "88_104001004B1A3D00_tile_208": {
                "P": 0.5,
                "R": 1.0
            },
            "88_104001002B095600_tile_271": {
                "P": 0.3333333333333333,
                "R": 1.0
            },
            "88_1040010044AC1100_tile_227": {
                "P": 1.0,
                "R": 0.8
            },
            "88_10400100480E4300_tile_331": {
                "P": 1.0,
                "R": 1.0
            },
            "87_104001003E94D300_tile_30": {
                "P": 1.0,
                "R": 0.3333333333333333
            },
            "87_10400100480E4300_tile_23": {
                "P": 1.0,
                "R": 0.25
            },
            "87_104001002B095600_tile_36": {
                "P": 1.0,
                "R": 1.0
            },
            "103_104001004890F500_tile_163": {
                "P": 1.0,
                "R": 0.75
            },
            "87_104001003E94D300_tile_37": {
                "P": 1.0,
                "R": 1.0
            },
            "87_104001003E94D300_tile_29": {
                "P": 1.0,
                "R": 0.8333333333333334
            },
            "87_104001003E94D300_tile_14": {
                "P": 1.0,
                "R": 1.0
            },
            "87_10400100480E4300_tile_29": {
                "P": 0.5,
                "R": 0.3333333333333333
            },
            "87_104001002B095600_tile_29": {
                "P": 0.5,
                "R": 0.25
            },
            "103_104001004890F500_tile_162": {
                "P": 0.0,
                "R": 0.0
            },
            "88_104001002B095600_tile_259": {
                "P": 1.0,
                "R": 0.6
            },
            "88_1040010044AC1100_tile_239": {
                "P": 1.0,
                "R": 0.875
            },
            "87_104001003E94D300_tile_36": {
                "P": 1.0,
                "R": 0.5
            },
            "88_1040010044AC1100_tile_434": {
                "P": 1.0,
                "R": 1.0
            },
            "46_10400100198A4C00_tile_87": {
                "P": 1.0,
                "R": 1.0
            },
            "88_104001002B095600_tile_281": {
                "P": 1.0,
                "R": 0.75
            },
            "88_104001002B095600_tile_337": {
                "P": 0,
                "R": 0.0
            }
        }
    }
}