{
    "split_id": "_5_0_",
    "test": {
        "Overall Performance": {
            "tp": 395,
            "fp": 111,
            "fn": 214,
            "predictions": 506,
            "ground truth": 609,
            "precision": 0.7806324110671937,
            "recall": 0.6486042692939245
        }
    }
}