{
    "split_id": "_4_1_",
    "test": {
        "Overall Performance": {
            "tp": 412,
            "fp": 115,
            "fn": 197,
            "predictions": 527,
            "ground truth": 609,
            "precision": 0.7817836812144212,
            "recall": 0.6765188834154351
        }
    }
}