{
    "split_id": "_5_2_",
    "test": {
        "Overall Performance": {
            "tp": 125,
            "fp": 60,
            "fn": 103,
            "predictions": 185,
            "ground truth": 228,
            "precision": 0.6756756756756757,
            "recall": 0.5482456140350878
        },
        "Per Sample Performance": {
            "103_104001004890F500_tile_164": {
                "P": 1.0,
                "R": 0.2
            },
            "87_10400100480E4300_tile_37": {
                "P": 0.3333333333333333,
                "R": 0.25
            },
            "88_10400100480E4300_tile_227": {
                "P": 0.0,
                "R": 0.0
            },
            "113_10400100413CDF00_tile_66": {
                "P": 0.5,
                "R": 1.0
            },
            "88_1040010044AC1100_tile_435": {
                "P": 1.0,
                "R": 1.0
            },
            "113_10400100413CDF00_tile_94": {
                "P": 1.0,
                "R": 0.6666666666666666
            },
            "106_10400100413CDF00_tile_60": {
                "P": 1.0,
                "R": 0.75
            },
            "88_104001002B095600_tile_208": {
                "P": 0.0,
                "R": 0.0
            },
            "88_1040010044AC1100_tile_262": {
                "P": 1.0,
                "R": 1.0
            },
            "103_104001004890F500_tile_139": {
                "P": 1.0,
                "R": 0.2
            },
            "46_10400100198A4C00_tile_125": {
                "P": 1.0,
                "R": 1.0
            },
            "88_10400100480E4300_tile_295": {
                "P": 1.0,
                "R": 1.0
            },
            "88_10400100480E4300_tile_306": {
                "P": 1.0,
                "R": 0.6666666666666666
            },
            "88_1040010044AC1100_tile_380": {
                "P": 1.0,
                "R": 1.0
            },
            "27_1040010038955600_tile_151": {
                "P": 0.8,
                "R": 0.5
            },
            "88_104001004B1A3D00_tile_235": {
                "P": 1.0,
                "R": 1.0
            },
            "46_10400100198A4C00_tile_106": {
                "P": 1.0,
                "R": 1.0
            },
            "87_104001003E94D300_tile_22": {
                "P": 1.0,
                "R": 0.875
            },
            "113_10400100413CDF00_tile_167": {
                "P": 0.5,
                "R": 1.0
            },
            "88_104001004B1A3D00_tile_246": {
                "P": 1.0,
                "R": 0.16666666666666666
            },
            "46_10400100198A4C00_tile_96": {
                "P": 0.6666666666666666,
                "R": 0.6666666666666666
            },
            "88_104001002B095600_tile_270": {
                "P": 0.5,
                "R": 0.3
            },
            "88_1040010044AC1100_tile_319": {
                "P": 1.0,
                "R": 0.8333333333333334
            },
            "103_104001004890F500_tile_161": {
                "P": 1.0,
                "R": 1.0
            },
            "88_104001004B1A3D00_tile_208": {
                "P": 1.0,
                "R": 1.0
            },
            "88_10400100480E4300_tile_238": {
                "P": 0,
                "R": 0.0
            },
            "88_104001002B095600_tile_271": {
                "P": 0.0,
                "R": 0.0
            },
            "88_104001002B095600_tile_197": {
                "P": 0.0,
                "R": 0.0
            },
            "88_104001002B095600_tile_207": {
                "P": 0.0,
                "R": 0.0
            },
            "88_1040010044AC1100_tile_227": {
                "P": 1.0,
                "R": 0.4
            },
            "88_10400100480E4300_tile_331": {
                "P": 1.0,
                "R": 1.0
            },
            "87_104001003E94D300_tile_30": {
                "P": 1.0,
                "R": 0.3333333333333333
            },
            "87_10400100480E4300_tile_23": {
                "P": 0.0,
                "R": 0.0
            },
            "87_10400100480E4300_tile_15": {
                "P": 0.0,
                "R": 0.0
            },
            "87_104001002B095600_tile_14": {
                "P": 0.6666666666666666,
                "R": 0.6666666666666666
            },
            "87_104001002B095600_tile_36": {
                "P": 0.5,
                "R": 0.3333333333333333
            },
            "88_1040010044AC1100_tile_318": {
                "P": 1.0,
                "R": 1.0
            },
            "88_1040010044AC1100_tile_446": {
                "P": 0,
                "R": 0.0
            },
            "103_104001004890F500_tile_163": {
                "P": 0.5,
                "R": 0.25
            },
            "87_104001002B095600_tile_21": {
                "P": 1.0,
                "R": 0.5
            },
            "87_104001003E94D300_tile_37": {
                "P": 1.0,
                "R": 1.0
            },
            "88_1040010044AC1100_tile_330": {
                "P": 1.0,
                "R": 0.8
            },
            "87_104001003E94D300_tile_29": {
                "P": 1.0,
                "R": 0.6666666666666666
            },
            "87_104001003E94D300_tile_14": {
                "P": 1.0,
                "R": 1.0
            },
            "87_10400100480E4300_tile_29": {
                "P": 0.3333333333333333,
                "R": 0.3333333333333333
            },
            "87_104001002B095600_tile_29": {
                "P": 0.5,
                "R": 0.25
            },
            "103_104001004890F500_tile_162": {
                "P": 0.5,
                "R": 0.5
            },
            "88_104001002B095600_tile_260": {
                "P": 0.0,
                "R": 0.0
            },
            "88_104001002B095600_tile_259": {
                "P": 1.0,
                "R": 0.4
            },
            "88_10400100480E4300_tile_307": {
                "P": 1.0,
                "R": 0.6
            },
            "87_104001003E94D300_tile_21": {
                "P": 1.0,
                "R": 1.0
            },
            "88_1040010044AC1100_tile_239": {
                "P": 1.0,
                "R": 0.375
            },
            "88_1040010040D29200_tile_403": {
                "P": 0.5,
                "R": 1.0
            },
            "88_1040010044AC1100_tile_228": {
                "P": 0.5,
                "R": 0.5
            },
            "87_10400100480E4300_tile_38": {
                "P": 0.0,
                "R": 0.0
            },
            "87_104001003E94D300_tile_36": {
                "P": 1.0,
                "R": 1.0
            },
            "46_10400100198A4C00_tile_116": {
                "P": 1.0,
                "R": 0.8571428571428571
            },
            "88_1040010044AC1100_tile_434": {
                "P": 1.0,
                "R": 1.0
            },
            "46_10400100198A4C00_tile_87": {
                "P": 1.0,
                "R": 1.0
            },
            "88_104001002B095600_tile_281": {
                "P": 0.0,
                "R": 0.0
            },
            "88_1040010044AC1100_tile_274": {
                "P": 1.0,
                "R": 1.0
            },
            "88_104001002B095600_tile_280": {
                "P": 0.0,
                "R": 0.0
            },
            "88_1040010044AC1100_tile_379": {
                "P": 1.0,
                "R": 1.0
            },
            "88_104001002B095600_tile_337": {
                "P": 0.0,
                "R": 0.0
            },
            "88_1040010044AC1100_tile_343": {
                "P": 1.0,
                "R": 1.0
            },
            "87_104001002B095600_tile_22": {
                "P": 1.0,
                "R": 0.5714285714285714
            }
        }
    }
}